  0%|          | 0/1 [00:00<?, ?it/s]Model(
  (linear): Sequential(
    (0): Linear(in_features=2, out_features=512, bias=True)
    (1): Tanh()
    (2): Linear(in_features=512, out_features=512, bias=True)
    (3): Tanh()
    (4): Linear(in_features=512, out_features=512, bias=True)
    (5): Tanh()
    (6): Linear(in_features=512, out_features=1, bias=True)
  )
)
527361

  0%|          | 0/50 [00:00<?, ?it/s][ADEBUG: Scalar type: Float128
DEBUG: Scalar type: Float128
DEBUG: Scalar type: Float128
DEBUG: Scalar type: Float128
DEBUG: Scalar type: Float128
DEBUG: Scalar type: Float128
DEBUG: Scalar type: Float128
DEBUG: Scalar type: Float128
DEBUG: Scalar type: Float128
DEBUG: Scalar type: Float128
DEBUG: Scalar type: Float128
DEBUG: Scalar type: Float128
DEBUG: Scalar type: Float128
DEBUG: Scalar type: Float128
DEBUG: Scalar type: Float128
DEBUG: Scalar type: Float128
DEBUG: Scalar type: Float128
DEBUG: Scalar type: Float128
DEBUG: Scalar type: Float128
DEBUG: Scalar type: Float128
DEBUG: Scalar type: Float128
DEBUG: Scalar type: Float128
DEBUG: Scalar type: Float128
DEBUG: Scalar type: Float128
DEBUG: Scalar type: Float128
DEBUG: Scalar type: Float128
DEBUG: Scalar type: Float128
DEBUG: Scalar type: Float128
DEBUG: Scalar type: Float128
DEBUG: Scalar type: Float128
DEBUG: Scalar type: Float128
DEBUG: Scalar type: Float128
DEBUG: Scalar type: Float128
DEBUG: Scalar type: Float128
DEBUG: Scalar type: Float128
DEBUG: Scalar type: Float128
DEBUG: Scalar type: Float128
DEBUG: Scalar type: Float128
DEBUG: Scalar type: Float128
DEBUG: Scalar type: Float128
DEBUG: Scalar type: Float128
DEBUG: Scalar type: Float128
DEBUG: Scalar type: Float128
DEBUG: Scalar type: Float128
DEBUG: Scalar type: Float128
DEBUG: Scalar type: Float128
DEBUG: Scalar type: Float128
DEBUG: Scalar type: Float128
DEBUG: Scalar type: Float128
DEBUG: Scalar type: Float128
DEBUG: Scalar type: Float128
DEBUG: Scalar type: Float128
DEBUG: Scalar type: Float128
DEBUG: Scalar type: Float128
DEBUG: Scalar type: Float128
DEBUG: Scalar type: Float128
DEBUG: Scalar type: Float128
DEBUG: Scalar type: Float128
DEBUG: Scalar type: Float128
DEBUG: Scalar type: Float128
DEBUG: Scalar type: Float128
DEBUG: Scalar type: Float128
DEBUG: Scalar type: Float128
DEBUG: Scalar type: Float128
DEBUG: Scalar type: Float128
DEBUG: Scalar type: Float128
DEBUG: Scalar type: Float128
DEBUG: Scalar type: Float128
DEBUG: Scalar type: Float128
DEBUG: Scalar type: Float128
DEBUG: Scalar type: Float128
DEBUG: Scalar type: Float128
DEBUG: Scalar type: Float128
DEBUG: Scalar type: Float128
DEBUG: Scalar type: Float128
DEBUG: Scalar type: Float128
DEBUG: Scalar type: Float128
DEBUG: Scalar type: Float128
DEBUG: Scalar type: Float128
DEBUG: Scalar type: Float128
DEBUG: Scalar type: Float128
DEBUG: Scalar type: Float128
DEBUG: Scalar type: Float128
DEBUG: Scalar type: Float128
DEBUG: Scalar type: Float128
DEBUG: Scalar type: Float128
DEBUG: Scalar type: Float128
DEBUG: Scalar type: Float128
DEBUG: Scalar type: Float128
DEBUG: Scalar type: Float128
DEBUG: Scalar type: Float128
DEBUG: Scalar type: Float128
DEBUG: Scalar type: Float128
DEBUG: Scalar type: Float128
DEBUG: Scalar type: Float128
DEBUG: Scalar type: Float128
DEBUG: Scalar type: Float128
DEBUG: Scalar type: Float128
DEBUG: Scalar type: Float128
DEBUG: Scalar type: Float128
Epoch 1/50 - Loss Res: 0.182928, Loss_BC1: 0.167752, Loss_BC2: 0.000079, Loss_IC: 0.097947, Total Loss: 0.448705, Time: 85964.66s

  2%|▏         | 1/50 [23:52:44<1170:04:28, 85964.66s/it][ADEBUG: Scalar type: Float128
DEBUG: Scalar type: Float128
DEBUG: Scalar type: Float128
DEBUG: Scalar type: Float128
DEBUG: Scalar type: Float128
DEBUG: Scalar type: Float128
DEBUG: Scalar type: Float128
DEBUG: Scalar type: Float128
DEBUG: Scalar type: Float128
DEBUG: Scalar type: Float128
DEBUG: Scalar type: Float128
DEBUG: Scalar type: Float128
DEBUG: Scalar type: Float128
DEBUG: Scalar type: Float128
DEBUG: Scalar type: Float128
DEBUG: Scalar type: Float128
DEBUG: Scalar type: Float128
DEBUG: Scalar type: Float128
DEBUG: Scalar type: Float128
DEBUG: Scalar type: Float128
DEBUG: Scalar type: Float128
DEBUG: Scalar type: Float128
DEBUG: Scalar type: Float128
DEBUG: Scalar type: Float128
DEBUG: Scalar type: Float128
DEBUG: Scalar type: Float128
DEBUG: Scalar type: Float128
DEBUG: Scalar type: Float128
DEBUG: Scalar type: Float128
DEBUG: Scalar type: Float128
DEBUG: Scalar type: Float128
DEBUG: Scalar type: Float128
DEBUG: Scalar type: Float128
DEBUG: Scalar type: Float128
DEBUG: Scalar type: Float128
DEBUG: Scalar type: Float128
DEBUG: Scalar type: Float128
DEBUG: Scalar type: Float128
DEBUG: Scalar type: Float128
DEBUG: Scalar type: Float128
DEBUG: Scalar type: Float128
DEBUG: Scalar type: Float128
DEBUG: Scalar type: Float128
DEBUG: Scalar type: Float128
DEBUG: Scalar type: Float128
DEBUG: Scalar type: Float128
DEBUG: Scalar type: Float128
DEBUG: Scalar type: Float128
DEBUG: Scalar type: Float128
DEBUG: Scalar type: Float128
DEBUG: Scalar type: Float128
DEBUG: Scalar type: Float128
DEBUG: Scalar type: Float128
DEBUG: Scalar type: Float128
DEBUG: Scalar type: Float128
DEBUG: Scalar type: Float128
DEBUG: Scalar type: Float128
DEBUG: Scalar type: Float128
DEBUG: Scalar type: Float128
DEBUG: Scalar type: Float128
DEBUG: Scalar type: Float128
DEBUG: Scalar type: Float128
DEBUG: Scalar type: Float128
DEBUG: Scalar type: Float128
DEBUG: Scalar type: Float128
DEBUG: Scalar type: Float128
DEBUG: Scalar type: Float128
DEBUG: Scalar type: Float128
DEBUG: Scalar type: Float128
DEBUG: Scalar type: Float128
DEBUG: Scalar type: Float128
DEBUG: Scalar type: Float128
DEBUG: Scalar type: Float128
DEBUG: Scalar type: Float128
DEBUG: Scalar type: Float128
DEBUG: Scalar type: Float128
DEBUG: Scalar type: Float128
DEBUG: Scalar type: Float128
DEBUG: Scalar type: Float128
DEBUG: Scalar type: Float128
DEBUG: Scalar type: Float128
DEBUG: Scalar type: Float128
DEBUG: Scalar type: Float128
DEBUG: Scalar type: Float128
DEBUG: Scalar type: Float128
DEBUG: Scalar type: Float128
DEBUG: Scalar type: Float128
DEBUG: Scalar type: Float128
DEBUG: Scalar type: Float128
DEBUG: Scalar type: Float128
DEBUG: Scalar type: Float128
DEBUG: Scalar type: Float128
DEBUG: Scalar type: Float128
DEBUG: Scalar type: Float128
DEBUG: Scalar type: Float128
DEBUG: Scalar type: Float128
Epoch 2/50 - Loss Res: 0.189328, Loss_BC1: 0.592781, Loss_BC2: 0.001109, Loss_IC: 0.086396, Total Loss: 0.869614, Time: 83245.76s

  4%|▍         | 2/50 [47:00:10<1124:52:14, 84365.31s/it][ADEBUG: Scalar type: Float128
DEBUG: Scalar type: Float128
DEBUG: Scalar type: Float128
DEBUG: Scalar type: Float128
DEBUG: Scalar type: Float128
DEBUG: Scalar type: Float128
DEBUG: Scalar type: Float128
DEBUG: Scalar type: Float128
DEBUG: Scalar type: Float128
DEBUG: Scalar type: Float128
DEBUG: Scalar type: Float128
DEBUG: Scalar type: Float128
DEBUG: Scalar type: Float128
DEBUG: Scalar type: Float128
DEBUG: Scalar type: Float128
DEBUG: Scalar type: Float128
DEBUG: Scalar type: Float128
DEBUG: Scalar type: Float128
DEBUG: Scalar type: Float128
DEBUG: Scalar type: Float128
DEBUG: Scalar type: Float128
DEBUG: Scalar type: Float128
DEBUG: Scalar type: Float128
DEBUG: Scalar type: Float128
DEBUG: Scalar type: Float128
DEBUG: Scalar type: Float128
DEBUG: Scalar type: Float128
DEBUG: Scalar type: Float128
DEBUG: Scalar type: Float128
DEBUG: Scalar type: Float128
DEBUG: Scalar type: Float128
DEBUG: Scalar type: Float128
DEBUG: Scalar type: Float128
DEBUG: Scalar type: Float128
DEBUG: Scalar type: Float128
DEBUG: Scalar type: Float128
DEBUG: Scalar type: Float128
DEBUG: Scalar type: Float128
DEBUG: Scalar type: Float128
DEBUG: Scalar type: Float128
DEBUG: Scalar type: Float128
DEBUG: Scalar type: Float128
DEBUG: Scalar type: Float128
DEBUG: Scalar type: Float128
DEBUG: Scalar type: Float128
DEBUG: Scalar type: Float128
DEBUG: Scalar type: Float128
DEBUG: Scalar type: Float128
DEBUG: Scalar type: Float128
DEBUG: Scalar type: Float128
DEBUG: Scalar type: Float128
DEBUG: Scalar type: Float128
DEBUG: Scalar type: Float128
DEBUG: Scalar type: Float128
DEBUG: Scalar type: Float128
DEBUG: Scalar type: Float128
DEBUG: Scalar type: Float128
DEBUG: Scalar type: Float128
DEBUG: Scalar type: Float128
DEBUG: Scalar type: Float128
DEBUG: Scalar type: Float128
DEBUG: Scalar type: Float128
DEBUG: Scalar type: Float128
DEBUG: Scalar type: Float128
DEBUG: Scalar type: Float128
DEBUG: Scalar type: Float128
DEBUG: Scalar type: Float128
DEBUG: Scalar type: Float128
DEBUG: Scalar type: Float128
DEBUG: Scalar type: Float128
DEBUG: Scalar type: Float128
DEBUG: Scalar type: Float128
DEBUG: Scalar type: Float128
DEBUG: Scalar type: Float128
DEBUG: Scalar type: Float128
DEBUG: Scalar type: Float128
DEBUG: Scalar type: Float128
DEBUG: Scalar type: Float128
DEBUG: Scalar type: Float128
DEBUG: Scalar type: Float128
DEBUG: Scalar type: Float128
DEBUG: Scalar type: Float128
DEBUG: Scalar type: Float128
DEBUG: Scalar type: Float128
DEBUG: Scalar type: Float128
DEBUG: Scalar type: Float128
DEBUG: Scalar type: Float128
DEBUG: Scalar type: Float128
Epoch 3/50 - Loss Res: 0.234484, Loss_BC1: 0.748232, Loss_BC2: 0.000191, Loss_IC: 0.078340, Total Loss: 1.061247, Time: 76398.71s

  6%|▌         | 3/50 [68:13:29<1053:56:36, 80727.59s/it][ADEBUG: Scalar type: Float128
DEBUG: Scalar type: Float128
DEBUG: Scalar type: Float128
DEBUG: Scalar type: Float128
DEBUG: Scalar type: Float128
DEBUG: Scalar type: Float128
DEBUG: Scalar type: Float128
DEBUG: Scalar type: Float128
DEBUG: Scalar type: Float128
DEBUG: Scalar type: Float128
DEBUG: Scalar type: Float128
DEBUG: Scalar type: Float128
DEBUG: Scalar type: Float128
DEBUG: Scalar type: Float128
DEBUG: Scalar type: Float128
DEBUG: Scalar type: Float128
DEBUG: Scalar type: Float128
DEBUG: Scalar type: Float128
DEBUG: Scalar type: Float128
DEBUG: Scalar type: Float128
DEBUG: Scalar type: Float128
DEBUG: Scalar type: Float128
DEBUG: Scalar type: Float128
DEBUG: Scalar type: Float128
DEBUG: Scalar type: Float128
DEBUG: Scalar type: Float128
DEBUG: Scalar type: Float128
DEBUG: Scalar type: Float128
DEBUG: Scalar type: Float128
DEBUG: Scalar type: Float128
DEBUG: Scalar type: Float128
DEBUG: Scalar type: Float128
DEBUG: Scalar type: Float128
DEBUG: Scalar type: Float128
DEBUG: Scalar type: Float128
DEBUG: Scalar type: Float128
DEBUG: Scalar type: Float128
DEBUG: Scalar type: Float128
DEBUG: Scalar type: Float128
DEBUG: Scalar type: Float128
DEBUG: Scalar type: Float128
DEBUG: Scalar type: Float128
DEBUG: Scalar type: Float128
DEBUG: Scalar type: Float128
DEBUG: Scalar type: Float128
DEBUG: Scalar type: Float128
DEBUG: Scalar type: Float128
DEBUG: Scalar type: Float128
DEBUG: Scalar type: Float128
DEBUG: Scalar type: Float128
DEBUG: Scalar type: Float128
DEBUG: Scalar type: Float128
DEBUG: Scalar type: Float128
DEBUG: Scalar type: Float128
DEBUG: Scalar type: Float128
DEBUG: Scalar type: Float128
DEBUG: Scalar type: Float128
DEBUG: Scalar type: Float128
DEBUG: Scalar type: Float128
DEBUG: Scalar type: Float128
DEBUG: Scalar type: Float128
DEBUG: Scalar type: Float128
DEBUG: Scalar type: Float128
DEBUG: Scalar type: Float128
DEBUG: Scalar type: Float128
DEBUG: Scalar type: Float128
DEBUG: Scalar type: Float128
DEBUG: Scalar type: Float128
DEBUG: Scalar type: Float128
DEBUG: Scalar type: Float128
DEBUG: Scalar type: Float128
DEBUG: Scalar type: Float128
DEBUG: Scalar type: Float128
DEBUG: Scalar type: Float128
DEBUG: Scalar type: Float128
DEBUG: Scalar type: Float128
DEBUG: Scalar type: Float128
DEBUG: Scalar type: Float128
DEBUG: Scalar type: Float128
DEBUG: Scalar type: Float128
DEBUG: Scalar type: Float128
DEBUG: Scalar type: Float128
DEBUG: Scalar type: Float128
DEBUG: Scalar type: Float128
DEBUG: Scalar type: Float128
DEBUG: Scalar type: Float128
DEBUG: Scalar type: Float128
DEBUG: Scalar type: Float128
DEBUG: Scalar type: Float128
DEBUG: Scalar type: Float128
DEBUG: Scalar type: Float128
DEBUG: Scalar type: Float128
DEBUG: Scalar type: Float128
DEBUG: Scalar type: Float128
DEBUG: Scalar type: Float128
DEBUG: Scalar type: Float128
DEBUG: Scalar type: Float128
DEBUG: Scalar type: Float128
DEBUG: Scalar type: Float128
DEBUG: Scalar type: Float128
Epoch 4/50 - Loss Res: 0.259040, Loss_BC1: 0.625681, Loss_BC2: 0.002694, Loss_IC: 0.070217, Total Loss: 0.957632, Time: 86859.32s

  8%|▊         | 4/50 [92:21:08<1062:27:03, 83148.33s/it][ADEBUG: Scalar type: Float128
DEBUG: Scalar type: Float128
DEBUG: Scalar type: Float128
DEBUG: Scalar type: Float128
DEBUG: Scalar type: Float128
DEBUG: Scalar type: Float128
DEBUG: Scalar type: Float128
DEBUG: Scalar type: Float128
DEBUG: Scalar type: Float128
DEBUG: Scalar type: Float128
DEBUG: Scalar type: Float128
DEBUG: Scalar type: Float128
DEBUG: Scalar type: Float128
DEBUG: Scalar type: Float128
DEBUG: Scalar type: Float128
DEBUG: Scalar type: Float128
DEBUG: Scalar type: Float128
DEBUG: Scalar type: Float128
DEBUG: Scalar type: Float128
DEBUG: Scalar type: Float128
DEBUG: Scalar type: Float128
DEBUG: Scalar type: Float128
DEBUG: Scalar type: Float128
DEBUG: Scalar type: Float128
DEBUG: Scalar type: Float128
DEBUG: Scalar type: Float128
DEBUG: Scalar type: Float128
DEBUG: Scalar type: Float128
DEBUG: Scalar type: Float128
DEBUG: Scalar type: Float128
DEBUG: Scalar type: Float128
DEBUG: Scalar type: Float128
DEBUG: Scalar type: Float128
DEBUG: Scalar type: Float128
DEBUG: Scalar type: Float128
DEBUG: Scalar type: Float128
DEBUG: Scalar type: Float128
DEBUG: Scalar type: Float128
DEBUG: Scalar type: Float128
DEBUG: Scalar type: Float128
DEBUG: Scalar type: Float128
DEBUG: Scalar type: Float128
DEBUG: Scalar type: Float128
DEBUG: Scalar type: Float128
DEBUG: Scalar type: Float128
DEBUG: Scalar type: Float128
DEBUG: Scalar type: Float128
DEBUG: Scalar type: Float128
DEBUG: Scalar type: Float128
DEBUG: Scalar type: Float128
DEBUG: Scalar type: Float128
DEBUG: Scalar type: Float128
DEBUG: Scalar type: Float128
DEBUG: Scalar type: Float128
DEBUG: Scalar type: Float128
DEBUG: Scalar type: Float128
DEBUG: Scalar type: Float128
DEBUG: Scalar type: Float128
DEBUG: Scalar type: Float128
DEBUG: Scalar type: Float128
DEBUG: Scalar type: Float128
DEBUG: Scalar type: Float128
DEBUG: Scalar type: Float128
DEBUG: Scalar type: Float128
DEBUG: Scalar type: Float128
DEBUG: Scalar type: Float128
DEBUG: Scalar type: Float128
DEBUG: Scalar type: Float128
DEBUG: Scalar type: Float128
DEBUG: Scalar type: Float128
DEBUG: Scalar type: Float128
DEBUG: Scalar type: Float128
DEBUG: Scalar type: Float128
DEBUG: Scalar type: Float128
DEBUG: Scalar type: Float128
DEBUG: Scalar type: Float128
DEBUG: Scalar type: Float128
DEBUG: Scalar type: Float128
DEBUG: Scalar type: Float128
DEBUG: Scalar type: Float128
DEBUG: Scalar type: Float128
DEBUG: Scalar type: Float128
DEBUG: Scalar type: Float128
DEBUG: Scalar type: Float128
DEBUG: Scalar type: Float128
DEBUG: Scalar type: Float128
DEBUG: Scalar type: Float128
DEBUG: Scalar type: Float128
DEBUG: Scalar type: Float128
DEBUG: Scalar type: Float128
DEBUG: Scalar type: Float128
DEBUG: Scalar type: Float128
DEBUG: Scalar type: Float128
DEBUG: Scalar type: Float128
DEBUG: Scalar type: Float128
DEBUG: Scalar type: Float128
DEBUG: Scalar type: Float128
DEBUG: Scalar type: Float128
DEBUG: Scalar type: Float128
DEBUG: Scalar type: Float128
Epoch 5/50 - Loss Res: 0.285260, Loss_BC1: 0.294975, Loss_BC2: 0.007702, Loss_IC: 0.061834, Total Loss: 0.649771, Time: 86946.95s

 10%|█         | 5/50 [116:30:15<1056:28:36, 84518.14s/it][ADEBUG: Scalar type: Float128
DEBUG: Scalar type: Float128
DEBUG: Scalar type: Float128
DEBUG: Scalar type: Float128
DEBUG: Scalar type: Float128
DEBUG: Scalar type: Float128
DEBUG: Scalar type: Float128
DEBUG: Scalar type: Float128
DEBUG: Scalar type: Float128
DEBUG: Scalar type: Float128
DEBUG: Scalar type: Float128
DEBUG: Scalar type: Float128
DEBUG: Scalar type: Float128
DEBUG: Scalar type: Float128
DEBUG: Scalar type: Float128
DEBUG: Scalar type: Float128
DEBUG: Scalar type: Float128
DEBUG: Scalar type: Float128
DEBUG: Scalar type: Float128
DEBUG: Scalar type: Float128
DEBUG: Scalar type: Float128
DEBUG: Scalar type: Float128
DEBUG: Scalar type: Float128
DEBUG: Scalar type: Float128
DEBUG: Scalar type: Float128
DEBUG: Scalar type: Float128
DEBUG: Scalar type: Float128
DEBUG: Scalar type: Float128
DEBUG: Scalar type: Float128
DEBUG: Scalar type: Float128
DEBUG: Scalar type: Float128
DEBUG: Scalar type: Float128
DEBUG: Scalar type: Float128
DEBUG: Scalar type: Float128
DEBUG: Scalar type: Float128
DEBUG: Scalar type: Float128
DEBUG: Scalar type: Float128
DEBUG: Scalar type: Float128
DEBUG: Scalar type: Float128
DEBUG: Scalar type: Float128
DEBUG: Scalar type: Float128
DEBUG: Scalar type: Float128
DEBUG: Scalar type: Float128
DEBUG: Scalar type: Float128
DEBUG: Scalar type: Float128
DEBUG: Scalar type: Float128
DEBUG: Scalar type: Float128
DEBUG: Scalar type: Float128
DEBUG: Scalar type: Float128
DEBUG: Scalar type: Float128
DEBUG: Scalar type: Float128
DEBUG: Scalar type: Float128
DEBUG: Scalar type: Float128
DEBUG: Scalar type: Float128
DEBUG: Scalar type: Float128
DEBUG: Scalar type: Float128
DEBUG: Scalar type: Float128
DEBUG: Scalar type: Float128
DEBUG: Scalar type: Float128
DEBUG: Scalar type: Float128
DEBUG: Scalar type: Float128
DEBUG: Scalar type: Float128
DEBUG: Scalar type: Float128
DEBUG: Scalar type: Float128
DEBUG: Scalar type: Float128
DEBUG: Scalar type: Float128
DEBUG: Scalar type: Float128
DEBUG: Scalar type: Float128
DEBUG: Scalar type: Float128
DEBUG: Scalar type: Float128
DEBUG: Scalar type: Float128
DEBUG: Scalar type: Float128
DEBUG: Scalar type: Float128
DEBUG: Scalar type: Float128
DEBUG: Scalar type: Float128
DEBUG: Scalar type: Float128
DEBUG: Scalar type: Float128
DEBUG: Scalar type: Float128
DEBUG: Scalar type: Float128
DEBUG: Scalar type: Float128
DEBUG: Scalar type: Float128
DEBUG: Scalar type: Float128
DEBUG: Scalar type: Float128
DEBUG: Scalar type: Float128
Epoch 6/50 - Loss Res: 0.330759, Loss_BC1: 0.354153, Loss_BC2: 0.011893, Loss_IC: 0.053715, Total Loss: 0.750520, Time: 73173.11s

 12%|█▏        | 6/50 [136:49:48<985:51:16, 80660.82s/it] [ADEBUG: Scalar type: Float128
DEBUG: Scalar type: Float128
DEBUG: Scalar type: Float128
DEBUG: Scalar type: Float128
DEBUG: Scalar type: Float128
DEBUG: Scalar type: Float128
DEBUG: Scalar type: Float128
DEBUG: Scalar type: Float128
DEBUG: Scalar type: Float128
DEBUG: Scalar type: Float128
DEBUG: Scalar type: Float128
DEBUG: Scalar type: Float128
DEBUG: Scalar type: Float128
DEBUG: Scalar type: Float128
DEBUG: Scalar type: Float128
DEBUG: Scalar type: Float128
DEBUG: Scalar type: Float128
DEBUG: Scalar type: Float128
DEBUG: Scalar type: Float128
DEBUG: Scalar type: Float128
DEBUG: Scalar type: Float128
DEBUG: Scalar type: Float128
DEBUG: Scalar type: Float128
DEBUG: Scalar type: Float128
DEBUG: Scalar type: Float128
DEBUG: Scalar type: Float128
DEBUG: Scalar type: Float128
DEBUG: Scalar type: Float128
DEBUG: Scalar type: Float128
DEBUG: Scalar type: Float128
DEBUG: Scalar type: Float128
DEBUG: Scalar type: Float128
DEBUG: Scalar type: Float128
DEBUG: Scalar type: Float128
DEBUG: Scalar type: Float128
DEBUG: Scalar type: Float128
DEBUG: Scalar type: Float128
DEBUG: Scalar type: Float128
DEBUG: Scalar type: Float128
DEBUG: Scalar type: Float128
DEBUG: Scalar type: Float128
DEBUG: Scalar type: Float128
DEBUG: Scalar type: Float128
DEBUG: Scalar type: Float128
DEBUG: Scalar type: Float128
DEBUG: Scalar type: Float128
DEBUG: Scalar type: Float128
DEBUG: Scalar type: Float128
DEBUG: Scalar type: Float128
DEBUG: Scalar type: Float128
DEBUG: Scalar type: Float128
DEBUG: Scalar type: Float128
DEBUG: Scalar type: Float128
DEBUG: Scalar type: Float128
DEBUG: Scalar type: Float128
DEBUG: Scalar type: Float128
DEBUG: Scalar type: Float128
DEBUG: Scalar type: Float128
DEBUG: Scalar type: Float128
DEBUG: Scalar type: Float128
DEBUG: Scalar type: Float128
DEBUG: Scalar type: Float128
DEBUG: Scalar type: Float128
DEBUG: Scalar type: Float128
DEBUG: Scalar type: Float128
DEBUG: Scalar type: Float128
DEBUG: Scalar type: Float128
DEBUG: Scalar type: Float128
DEBUG: Scalar type: Float128
DEBUG: Scalar type: Float128
DEBUG: Scalar type: Float128
DEBUG: Scalar type: Float128
DEBUG: Scalar type: Float128
DEBUG: Scalar type: Float128
DEBUG: Scalar type: Float128
DEBUG: Scalar type: Float128
DEBUG: Scalar type: Float128
DEBUG: Scalar type: Float128
DEBUG: Scalar type: Float128
DEBUG: Scalar type: Float128
DEBUG: Scalar type: Float128
DEBUG: Scalar type: Float128
DEBUG: Scalar type: Float128
DEBUG: Scalar type: Float128
DEBUG: Scalar type: Float128
DEBUG: Scalar type: Float128
DEBUG: Scalar type: Float128
DEBUG: Scalar type: Float128
DEBUG: Scalar type: Float128
DEBUG: Scalar type: Float128
DEBUG: Scalar type: Float128
DEBUG: Scalar type: Float128
DEBUG: Scalar type: Float128
DEBUG: Scalar type: Float128
DEBUG: Scalar type: Float128
DEBUG: Scalar type: Float128
DEBUG: Scalar type: Float128
DEBUG: Scalar type: Float128
DEBUG: Scalar type: Float128
DEBUG: Scalar type: Float128
Epoch 7/50 - Loss Res: 0.321726, Loss_BC1: 0.455722, Loss_BC2: 0.001598, Loss_IC: 0.052781, Total Loss: 0.831827, Time: 87129.63s

 14%|█▍        | 7/50 [161:01:58<988:42:32, 82775.63s/it][ADEBUG: Scalar type: Float128
DEBUG: Scalar type: Float128
DEBUG: Scalar type: Float128
DEBUG: Scalar type: Float128
DEBUG: Scalar type: Float128
DEBUG: Scalar type: Float128
DEBUG: Scalar type: Float128
DEBUG: Scalar type: Float128
DEBUG: Scalar type: Float128
DEBUG: Scalar type: Float128
DEBUG: Scalar type: Float128
DEBUG: Scalar type: Float128
DEBUG: Scalar type: Float128
DEBUG: Scalar type: Float128
DEBUG: Scalar type: Float128
DEBUG: Scalar type: Float128
DEBUG: Scalar type: Float128
DEBUG: Scalar type: Float128
DEBUG: Scalar type: Float128
DEBUG: Scalar type: Float128
DEBUG: Scalar type: Float128
DEBUG: Scalar type: Float128
DEBUG: Scalar type: Float128
DEBUG: Scalar type: Float128
DEBUG: Scalar type: Float128
DEBUG: Scalar type: Float128
DEBUG: Scalar type: Float128
DEBUG: Scalar type: Float128
DEBUG: Scalar type: Float128
DEBUG: Scalar type: Float128
DEBUG: Scalar type: Float128
DEBUG: Scalar type: Float128
DEBUG: Scalar type: Float128
DEBUG: Scalar type: Float128
DEBUG: Scalar type: Float128
DEBUG: Scalar type: Float128
DEBUG: Scalar type: Float128
DEBUG: Scalar type: Float128
DEBUG: Scalar type: Float128
DEBUG: Scalar type: Float128
DEBUG: Scalar type: Float128
DEBUG: Scalar type: Float128
DEBUG: Scalar type: Float128
DEBUG: Scalar type: Float128
DEBUG: Scalar type: Float128
DEBUG: Scalar type: Float128
DEBUG: Scalar type: Float128
DEBUG: Scalar type: Float128
DEBUG: Scalar type: Float128
DEBUG: Scalar type: Float128
DEBUG: Scalar type: Float128
DEBUG: Scalar type: Float128
DEBUG: Scalar type: Float128
DEBUG: Scalar type: Float128
DEBUG: Scalar type: Float128
DEBUG: Scalar type: Float128
DEBUG: Scalar type: Float128
DEBUG: Scalar type: Float128
DEBUG: Scalar type: Float128
DEBUG: Scalar type: Float128
DEBUG: Scalar type: Float128
DEBUG: Scalar type: Float128
DEBUG: Scalar type: Float128
DEBUG: Scalar type: Float128
DEBUG: Scalar type: Float128
DEBUG: Scalar type: Float128
DEBUG: Scalar type: Float128
DEBUG: Scalar type: Float128
DEBUG: Scalar type: Float128
DEBUG: Scalar type: Float128
DEBUG: Scalar type: Float128
DEBUG: Scalar type: Float128
DEBUG: Scalar type: Float128
DEBUG: Scalar type: Float128
DEBUG: Scalar type: Float128
DEBUG: Scalar type: Float128
DEBUG: Scalar type: Float128
DEBUG: Scalar type: Float128
DEBUG: Scalar type: Float128
DEBUG: Scalar type: Float128
DEBUG: Scalar type: Float128
DEBUG: Scalar type: Float128
DEBUG: Scalar type: Float128
DEBUG: Scalar type: Float128
DEBUG: Scalar type: Float128
DEBUG: Scalar type: Float128
DEBUG: Scalar type: Float128
DEBUG: Scalar type: Float128
DEBUG: Scalar type: Float128
DEBUG: Scalar type: Float128
DEBUG: Scalar type: Float128
DEBUG: Scalar type: Float128
DEBUG: Scalar type: Float128
DEBUG: Scalar type: Float128
DEBUG: Scalar type: Float128
DEBUG: Scalar type: Float128
DEBUG: Scalar type: Float128
DEBUG: Scalar type: Float128
DEBUG: Scalar type: Float128
DEBUG: Scalar type: Float128
Epoch 8/50 - Loss Res: 0.314730, Loss_BC1: 0.456043, Loss_BC2: 0.000586, Loss_IC: 0.053188, Total Loss: 0.824547, Time: 87067.32s

 16%|█▌        | 8/50 [185:13:05<981:39:19, 84141.90s/it][ADEBUG: Scalar type: Float128
DEBUG: Scalar type: Float128
DEBUG: Scalar type: Float128
DEBUG: Scalar type: Float128
DEBUG: Scalar type: Float128
DEBUG: Scalar type: Float128
DEBUG: Scalar type: Float128
DEBUG: Scalar type: Float128
DEBUG: Scalar type: Float128
DEBUG: Scalar type: Float128
DEBUG: Scalar type: Float128
DEBUG: Scalar type: Float128
DEBUG: Scalar type: Float128
DEBUG: Scalar type: Float128
DEBUG: Scalar type: Float128
DEBUG: Scalar type: Float128
DEBUG: Scalar type: Float128
DEBUG: Scalar type: Float128
DEBUG: Scalar type: Float128
DEBUG: Scalar type: Float128
DEBUG: Scalar type: Float128
DEBUG: Scalar type: Float128
DEBUG: Scalar type: Float128
DEBUG: Scalar type: Float128
DEBUG: Scalar type: Float128
DEBUG: Scalar type: Float128
DEBUG: Scalar type: Float128
DEBUG: Scalar type: Float128
DEBUG: Scalar type: Float128
DEBUG: Scalar type: Float128
DEBUG: Scalar type: Float128
DEBUG: Scalar type: Float128
DEBUG: Scalar type: Float128
DEBUG: Scalar type: Float128
DEBUG: Scalar type: Float128
DEBUG: Scalar type: Float128
DEBUG: Scalar type: Float128
DEBUG: Scalar type: Float128
DEBUG: Scalar type: Float128
DEBUG: Scalar type: Float128
DEBUG: Scalar type: Float128
DEBUG: Scalar type: Float128
DEBUG: Scalar type: Float128
DEBUG: Scalar type: Float128
DEBUG: Scalar type: Float128
DEBUG: Scalar type: Float128
DEBUG: Scalar type: Float128
DEBUG: Scalar type: Float128
DEBUG: Scalar type: Float128
DEBUG: Scalar type: Float128
DEBUG: Scalar type: Float128
DEBUG: Scalar type: Float128
DEBUG: Scalar type: Float128
DEBUG: Scalar type: Float128
DEBUG: Scalar type: Float128
DEBUG: Scalar type: Float128
DEBUG: Scalar type: Float128
DEBUG: Scalar type: Float128
DEBUG: Scalar type: Float128
DEBUG: Scalar type: Float128
DEBUG: Scalar type: Float128
DEBUG: Scalar type: Float128
DEBUG: Scalar type: Float128
DEBUG: Scalar type: Float128
DEBUG: Scalar type: Float128
DEBUG: Scalar type: Float128
DEBUG: Scalar type: Float128
DEBUG: Scalar type: Float128
DEBUG: Scalar type: Float128
DEBUG: Scalar type: Float128
DEBUG: Scalar type: Float128
DEBUG: Scalar type: Float128
DEBUG: Scalar type: Float128
DEBUG: Scalar type: Float128
DEBUG: Scalar type: Float128
DEBUG: Scalar type: Float128
DEBUG: Scalar type: Float128
DEBUG: Scalar type: Float128
DEBUG: Scalar type: Float128
DEBUG: Scalar type: Float128
DEBUG: Scalar type: Float128
DEBUG: Scalar type: Float128
DEBUG: Scalar type: Float128
DEBUG: Scalar type: Float128
DEBUG: Scalar type: Float128
DEBUG: Scalar type: Float128
DEBUG: Scalar type: Float128
DEBUG: Scalar type: Float128
DEBUG: Scalar type: Float128
DEBUG: Scalar type: Float128
DEBUG: Scalar type: Float128
DEBUG: Scalar type: Float128
DEBUG: Scalar type: Float128
DEBUG: Scalar type: Float128
DEBUG: Scalar type: Float128
DEBUG: Scalar type: Float128
DEBUG: Scalar type: Float128
DEBUG: Scalar type: Float128
DEBUG: Scalar type: Float128
DEBUG: Scalar type: Float128
Epoch 9/50 - Loss Res: 0.317201, Loss_BC1: 0.373669, Loss_BC2: 0.000392, Loss_IC: 0.053318, Total Loss: 0.744581, Time: 87057.51s

 18%|█▊        | 9/50 [209:24:02<968:39:47, 85053.36s/it][ADEBUG: Scalar type: Float128
DEBUG: Scalar type: Float128
DEBUG: Scalar type: Float128
DEBUG: Scalar type: Float128
DEBUG: Scalar type: Float128
DEBUG: Scalar type: Float128
DEBUG: Scalar type: Float128
DEBUG: Scalar type: Float128
DEBUG: Scalar type: Float128
DEBUG: Scalar type: Float128
DEBUG: Scalar type: Float128
DEBUG: Scalar type: Float128
DEBUG: Scalar type: Float128
DEBUG: Scalar type: Float128
DEBUG: Scalar type: Float128
DEBUG: Scalar type: Float128
DEBUG: Scalar type: Float128
DEBUG: Scalar type: Float128
DEBUG: Scalar type: Float128
DEBUG: Scalar type: Float128
DEBUG: Scalar type: Float128
DEBUG: Scalar type: Float128
DEBUG: Scalar type: Float128
DEBUG: Scalar type: Float128
DEBUG: Scalar type: Float128
DEBUG: Scalar type: Float128
DEBUG: Scalar type: Float128
DEBUG: Scalar type: Float128
DEBUG: Scalar type: Float128
DEBUG: Scalar type: Float128
DEBUG: Scalar type: Float128
DEBUG: Scalar type: Float128
DEBUG: Scalar type: Float128
DEBUG: Scalar type: Float128
DEBUG: Scalar type: Float128
DEBUG: Scalar type: Float128
DEBUG: Scalar type: Float128
DEBUG: Scalar type: Float128
DEBUG: Scalar type: Float128
DEBUG: Scalar type: Float128
DEBUG: Scalar type: Float128
DEBUG: Scalar type: Float128
DEBUG: Scalar type: Float128
DEBUG: Scalar type: Float128
DEBUG: Scalar type: Float128
DEBUG: Scalar type: Float128
DEBUG: Scalar type: Float128
DEBUG: Scalar type: Float128
DEBUG: Scalar type: Float128
DEBUG: Scalar type: Float128
DEBUG: Scalar type: Float128
DEBUG: Scalar type: Float128
DEBUG: Scalar type: Float128
DEBUG: Scalar type: Float128
DEBUG: Scalar type: Float128
DEBUG: Scalar type: Float128
DEBUG: Scalar type: Float128
DEBUG: Scalar type: Float128
DEBUG: Scalar type: Float128
DEBUG: Scalar type: Float128
DEBUG: Scalar type: Float128
DEBUG: Scalar type: Float128
DEBUG: Scalar type: Float128
DEBUG: Scalar type: Float128
DEBUG: Scalar type: Float128
DEBUG: Scalar type: Float128
DEBUG: Scalar type: Float128
DEBUG: Scalar type: Float128
DEBUG: Scalar type: Float128
DEBUG: Scalar type: Float128
DEBUG: Scalar type: Float128
DEBUG: Scalar type: Float128
DEBUG: Scalar type: Float128
DEBUG: Scalar type: Float128
DEBUG: Scalar type: Float128
DEBUG: Scalar type: Float128
DEBUG: Scalar type: Float128
DEBUG: Scalar type: Float128
DEBUG: Scalar type: Float128
DEBUG: Scalar type: Float128
DEBUG: Scalar type: Float128
DEBUG: Scalar type: Float128
DEBUG: Scalar type: Float128
DEBUG: Scalar type: Float128
DEBUG: Scalar type: Float128
DEBUG: Scalar type: Float128
DEBUG: Scalar type: Float128
DEBUG: Scalar type: Float128
DEBUG: Scalar type: Float128
DEBUG: Scalar type: Float128
DEBUG: Scalar type: Float128
DEBUG: Scalar type: Float128
DEBUG: Scalar type: Float128
DEBUG: Scalar type: Float128
DEBUG: Scalar type: Float128
DEBUG: Scalar type: Float128
DEBUG: Scalar type: Float128
DEBUG: Scalar type: Float128
DEBUG: Scalar type: Float128
DEBUG: Scalar type: Float128
Epoch 10/50 - Loss Res: 0.306805, Loss_BC1: 0.473547, Loss_BC2: 0.003007, Loss_IC: 0.051871, Total Loss: 0.835230, Time: 87048.51s

 20%|██        | 10/50 [233:34:51<951:52:52, 85669.31s/it][ADEBUG: Scalar type: Float128
DEBUG: Scalar type: Float128
DEBUG: Scalar type: Float128
DEBUG: Scalar type: Float128
DEBUG: Scalar type: Float128
DEBUG: Scalar type: Float128
DEBUG: Scalar type: Float128
DEBUG: Scalar type: Float128
DEBUG: Scalar type: Float128
DEBUG: Scalar type: Float128
DEBUG: Scalar type: Float128
DEBUG: Scalar type: Float128
DEBUG: Scalar type: Float128
DEBUG: Scalar type: Float128
DEBUG: Scalar type: Float128
DEBUG: Scalar type: Float128
DEBUG: Scalar type: Float128
DEBUG: Scalar type: Float128
DEBUG: Scalar type: Float128
DEBUG: Scalar type: Float128
DEBUG: Scalar type: Float128
DEBUG: Scalar type: Float128
DEBUG: Scalar type: Float128
DEBUG: Scalar type: Float128
DEBUG: Scalar type: Float128
DEBUG: Scalar type: Float128
DEBUG: Scalar type: Float128
DEBUG: Scalar type: Float128
DEBUG: Scalar type: Float128
DEBUG: Scalar type: Float128
DEBUG: Scalar type: Float128
DEBUG: Scalar type: Float128
DEBUG: Scalar type: Float128
DEBUG: Scalar type: Float128
DEBUG: Scalar type: Float128
DEBUG: Scalar type: Float128
DEBUG: Scalar type: Float128
DEBUG: Scalar type: Float128
DEBUG: Scalar type: Float128
DEBUG: Scalar type: Float128
DEBUG: Scalar type: Float128
DEBUG: Scalar type: Float128
DEBUG: Scalar type: Float128
DEBUG: Scalar type: Float128
DEBUG: Scalar type: Float128
DEBUG: Scalar type: Float128
DEBUG: Scalar type: Float128
DEBUG: Scalar type: Float128
DEBUG: Scalar type: Float128
DEBUG: Scalar type: Float128
DEBUG: Scalar type: Float128
DEBUG: Scalar type: Float128
DEBUG: Scalar type: Float128
DEBUG: Scalar type: Float128
DEBUG: Scalar type: Float128
DEBUG: Scalar type: Float128
DEBUG: Scalar type: Float128
DEBUG: Scalar type: Float128
DEBUG: Scalar type: Float128
DEBUG: Scalar type: Float128
DEBUG: Scalar type: Float128
DEBUG: Scalar type: Float128
DEBUG: Scalar type: Float128
DEBUG: Scalar type: Float128
DEBUG: Scalar type: Float128
DEBUG: Scalar type: Float128
DEBUG: Scalar type: Float128
DEBUG: Scalar type: Float128
DEBUG: Scalar type: Float128
DEBUG: Scalar type: Float128
DEBUG: Scalar type: Float128
DEBUG: Scalar type: Float128
DEBUG: Scalar type: Float128
DEBUG: Scalar type: Float128
DEBUG: Scalar type: Float128
DEBUG: Scalar type: Float128
DEBUG: Scalar type: Float128
DEBUG: Scalar type: Float128
DEBUG: Scalar type: Float128
DEBUG: Scalar type: Float128
DEBUG: Scalar type: Float128
DEBUG: Scalar type: Float128
DEBUG: Scalar type: Float128
DEBUG: Scalar type: Float128
DEBUG: Scalar type: Float128
DEBUG: Scalar type: Float128
DEBUG: Scalar type: Float128
DEBUG: Scalar type: Float128
DEBUG: Scalar type: Float128
DEBUG: Scalar type: Float128
DEBUG: Scalar type: Float128
DEBUG: Scalar type: Float128
DEBUG: Scalar type: Float128
DEBUG: Scalar type: Float128
DEBUG: Scalar type: Float128
DEBUG: Scalar type: Float128
DEBUG: Scalar type: Float128
DEBUG: Scalar type: Float128
DEBUG: Scalar type: Float128
DEBUG: Scalar type: Float128
Epoch 11/50 - Loss Res: 0.321222, Loss_BC1: 0.507852, Loss_BC2: 0.002622, Loss_IC: 0.047298, Total Loss: 0.878994, Time: 87058.32s

 22%|██▏       | 11/50 [257:45:49<932:41:22, 86094.42s/it][ADEBUG: Scalar type: Float128
DEBUG: Scalar type: Float128
DEBUG: Scalar type: Float128
DEBUG: Scalar type: Float128
DEBUG: Scalar type: Float128
DEBUG: Scalar type: Float128
DEBUG: Scalar type: Float128
DEBUG: Scalar type: Float128
DEBUG: Scalar type: Float128
DEBUG: Scalar type: Float128
DEBUG: Scalar type: Float128
DEBUG: Scalar type: Float128
DEBUG: Scalar type: Float128
DEBUG: Scalar type: Float128
DEBUG: Scalar type: Float128
DEBUG: Scalar type: Float128
DEBUG: Scalar type: Float128
DEBUG: Scalar type: Float128
DEBUG: Scalar type: Float128
DEBUG: Scalar type: Float128
DEBUG: Scalar type: Float128
DEBUG: Scalar type: Float128
DEBUG: Scalar type: Float128
DEBUG: Scalar type: Float128
DEBUG: Scalar type: Float128
DEBUG: Scalar type: Float128
DEBUG: Scalar type: Float128
DEBUG: Scalar type: Float128
DEBUG: Scalar type: Float128
DEBUG: Scalar type: Float128
DEBUG: Scalar type: Float128
DEBUG: Scalar type: Float128
DEBUG: Scalar type: Float128
DEBUG: Scalar type: Float128
DEBUG: Scalar type: Float128
DEBUG: Scalar type: Float128
DEBUG: Scalar type: Float128
DEBUG: Scalar type: Float128
DEBUG: Scalar type: Float128
DEBUG: Scalar type: Float128
DEBUG: Scalar type: Float128
DEBUG: Scalar type: Float128
DEBUG: Scalar type: Float128
DEBUG: Scalar type: Float128
DEBUG: Scalar type: Float128
DEBUG: Scalar type: Float128
DEBUG: Scalar type: Float128
DEBUG: Scalar type: Float128
DEBUG: Scalar type: Float128
DEBUG: Scalar type: Float128
DEBUG: Scalar type: Float128
DEBUG: Scalar type: Float128
DEBUG: Scalar type: Float128
DEBUG: Scalar type: Float128
DEBUG: Scalar type: Float128
DEBUG: Scalar type: Float128
DEBUG: Scalar type: Float128
DEBUG: Scalar type: Float128
DEBUG: Scalar type: Float128
DEBUG: Scalar type: Float128
DEBUG: Scalar type: Float128
DEBUG: Scalar type: Float128
DEBUG: Scalar type: Float128
DEBUG: Scalar type: Float128
DEBUG: Scalar type: Float128
DEBUG: Scalar type: Float128
DEBUG: Scalar type: Float128
DEBUG: Scalar type: Float128
DEBUG: Scalar type: Float128
DEBUG: Scalar type: Float128
DEBUG: Scalar type: Float128
DEBUG: Scalar type: Float128
DEBUG: Scalar type: Float128
DEBUG: Scalar type: Float128
DEBUG: Scalar type: Float128
DEBUG: Scalar type: Float128
DEBUG: Scalar type: Float128
DEBUG: Scalar type: Float128
DEBUG: Scalar type: Float128
DEBUG: Scalar type: Float128
DEBUG: Scalar type: Float128
DEBUG: Scalar type: Float128
DEBUG: Scalar type: Float128
DEBUG: Scalar type: Float128
DEBUG: Scalar type: Float128
DEBUG: Scalar type: Float128
DEBUG: Scalar type: Float128
DEBUG: Scalar type: Float128
DEBUG: Scalar type: Float128
DEBUG: Scalar type: Float128
DEBUG: Scalar type: Float128
DEBUG: Scalar type: Float128
DEBUG: Scalar type: Float128
DEBUG: Scalar type: Float128
DEBUG: Scalar type: Float128
DEBUG: Scalar type: Float128
DEBUG: Scalar type: Float128
DEBUG: Scalar type: Float128
DEBUG: Scalar type: Float128
DEBUG: Scalar type: Float128
Epoch 12/50 - Loss Res: 0.346659, Loss_BC1: 0.385643, Loss_BC2: 0.020914, Loss_IC: 0.044275, Total Loss: 0.797491, Time: 87030.96s

 24%|██▍       | 12/50 [281:56:20<911:46:54, 86379.32s/it][ADEBUG: Scalar type: Float128
DEBUG: Scalar type: Float128
DEBUG: Scalar type: Float128
DEBUG: Scalar type: Float128
DEBUG: Scalar type: Float128
DEBUG: Scalar type: Float128
DEBUG: Scalar type: Float128
DEBUG: Scalar type: Float128
DEBUG: Scalar type: Float128
DEBUG: Scalar type: Float128
DEBUG: Scalar type: Float128
DEBUG: Scalar type: Float128
DEBUG: Scalar type: Float128
DEBUG: Scalar type: Float128
DEBUG: Scalar type: Float128
DEBUG: Scalar type: Float128
DEBUG: Scalar type: Float128
DEBUG: Scalar type: Float128
DEBUG: Scalar type: Float128
DEBUG: Scalar type: Float128
DEBUG: Scalar type: Float128
DEBUG: Scalar type: Float128
DEBUG: Scalar type: Float128
DEBUG: Scalar type: Float128
DEBUG: Scalar type: Float128
DEBUG: Scalar type: Float128
DEBUG: Scalar type: Float128
DEBUG: Scalar type: Float128
DEBUG: Scalar type: Float128
DEBUG: Scalar type: Float128
DEBUG: Scalar type: Float128
DEBUG: Scalar type: Float128
DEBUG: Scalar type: Float128
DEBUG: Scalar type: Float128
DEBUG: Scalar type: Float128
DEBUG: Scalar type: Float128
DEBUG: Scalar type: Float128
DEBUG: Scalar type: Float128
DEBUG: Scalar type: Float128
DEBUG: Scalar type: Float128
DEBUG: Scalar type: Float128
DEBUG: Scalar type: Float128
DEBUG: Scalar type: Float128
DEBUG: Scalar type: Float128
DEBUG: Scalar type: Float128
DEBUG: Scalar type: Float128
DEBUG: Scalar type: Float128
DEBUG: Scalar type: Float128
DEBUG: Scalar type: Float128
DEBUG: Scalar type: Float128
DEBUG: Scalar type: Float128
DEBUG: Scalar type: Float128
DEBUG: Scalar type: Float128
DEBUG: Scalar type: Float128
DEBUG: Scalar type: Float128
DEBUG: Scalar type: Float128
DEBUG: Scalar type: Float128
DEBUG: Scalar type: Float128
DEBUG: Scalar type: Float128
DEBUG: Scalar type: Float128
DEBUG: Scalar type: Float128
DEBUG: Scalar type: Float128
DEBUG: Scalar type: Float128
DEBUG: Scalar type: Float128
DEBUG: Scalar type: Float128
DEBUG: Scalar type: Float128
DEBUG: Scalar type: Float128
DEBUG: Scalar type: Float128
DEBUG: Scalar type: Float128
DEBUG: Scalar type: Float128
DEBUG: Scalar type: Float128
DEBUG: Scalar type: Float128
DEBUG: Scalar type: Float128
DEBUG: Scalar type: Float128
DEBUG: Scalar type: Float128
DEBUG: Scalar type: Float128
DEBUG: Scalar type: Float128
DEBUG: Scalar type: Float128
DEBUG: Scalar type: Float128
DEBUG: Scalar type: Float128
DEBUG: Scalar type: Float128
DEBUG: Scalar type: Float128
DEBUG: Scalar type: Float128
DEBUG: Scalar type: Float128
DEBUG: Scalar type: Float128
DEBUG: Scalar type: Float128
DEBUG: Scalar type: Float128
DEBUG: Scalar type: Float128
DEBUG: Scalar type: Float128
DEBUG: Scalar type: Float128
DEBUG: Scalar type: Float128
DEBUG: Scalar type: Float128
DEBUG: Scalar type: Float128
DEBUG: Scalar type: Float128
DEBUG: Scalar type: Float128
DEBUG: Scalar type: Float128
DEBUG: Scalar type: Float128
DEBUG: Scalar type: Float128
DEBUG: Scalar type: Float128
DEBUG: Scalar type: Float128
Epoch 13/50 - Loss Res: 0.345100, Loss_BC1: 0.331521, Loss_BC2: 0.011579, Loss_IC: 0.044592, Total Loss: 0.732792, Time: 86957.73s

 26%|██▌       | 13/50 [306:05:38<889:35:18, 86554.54s/it][ADEBUG: Scalar type: Float128
DEBUG: Scalar type: Float128
DEBUG: Scalar type: Float128
DEBUG: Scalar type: Float128
DEBUG: Scalar type: Float128
DEBUG: Scalar type: Float128
DEBUG: Scalar type: Float128
DEBUG: Scalar type: Float128
DEBUG: Scalar type: Float128
DEBUG: Scalar type: Float128
DEBUG: Scalar type: Float128
DEBUG: Scalar type: Float128
DEBUG: Scalar type: Float128
DEBUG: Scalar type: Float128
DEBUG: Scalar type: Float128
DEBUG: Scalar type: Float128
DEBUG: Scalar type: Float128
DEBUG: Scalar type: Float128
DEBUG: Scalar type: Float128
DEBUG: Scalar type: Float128
DEBUG: Scalar type: Float128
DEBUG: Scalar type: Float128
DEBUG: Scalar type: Float128
DEBUG: Scalar type: Float128
DEBUG: Scalar type: Float128
DEBUG: Scalar type: Float128
DEBUG: Scalar type: Float128
DEBUG: Scalar type: Float128
DEBUG: Scalar type: Float128
DEBUG: Scalar type: Float128
DEBUG: Scalar type: Float128
DEBUG: Scalar type: Float128
DEBUG: Scalar type: Float128
DEBUG: Scalar type: Float128
DEBUG: Scalar type: Float128
DEBUG: Scalar type: Float128
DEBUG: Scalar type: Float128
DEBUG: Scalar type: Float128
DEBUG: Scalar type: Float128
DEBUG: Scalar type: Float128
DEBUG: Scalar type: Float128
DEBUG: Scalar type: Float128
DEBUG: Scalar type: Float128
DEBUG: Scalar type: Float128
DEBUG: Scalar type: Float128
DEBUG: Scalar type: Float128
DEBUG: Scalar type: Float128
DEBUG: Scalar type: Float128
DEBUG: Scalar type: Float128
DEBUG: Scalar type: Float128
DEBUG: Scalar type: Float128
DEBUG: Scalar type: Float128
DEBUG: Scalar type: Float128
DEBUG: Scalar type: Float128
DEBUG: Scalar type: Float128
DEBUG: Scalar type: Float128
DEBUG: Scalar type: Float128
DEBUG: Scalar type: Float128
DEBUG: Scalar type: Float128
DEBUG: Scalar type: Float128
DEBUG: Scalar type: Float128
DEBUG: Scalar type: Float128
DEBUG: Scalar type: Float128
DEBUG: Scalar type: Float128
DEBUG: Scalar type: Float128
DEBUG: Scalar type: Float128
DEBUG: Scalar type: Float128
DEBUG: Scalar type: Float128
DEBUG: Scalar type: Float128
DEBUG: Scalar type: Float128
DEBUG: Scalar type: Float128
DEBUG: Scalar type: Float128
DEBUG: Scalar type: Float128
DEBUG: Scalar type: Float128
DEBUG: Scalar type: Float128
DEBUG: Scalar type: Float128
DEBUG: Scalar type: Float128
DEBUG: Scalar type: Float128
DEBUG: Scalar type: Float128
DEBUG: Scalar type: Float128
DEBUG: Scalar type: Float128
DEBUG: Scalar type: Float128
DEBUG: Scalar type: Float128
DEBUG: Scalar type: Float128
DEBUG: Scalar type: Float128
DEBUG: Scalar type: Float128
DEBUG: Scalar type: Float128
DEBUG: Scalar type: Float128
DEBUG: Scalar type: Float128
DEBUG: Scalar type: Float128
DEBUG: Scalar type: Float128
DEBUG: Scalar type: Float128
DEBUG: Scalar type: Float128
DEBUG: Scalar type: Float128
DEBUG: Scalar type: Float128
DEBUG: Scalar type: Float128
Epoch 14/50 - Loss Res: 0.366716, Loss_BC1: 0.312386, Loss_BC2: 0.014204, Loss_IC: 0.041779, Total Loss: 0.735085, Time: 83509.24s

 28%|██▊       | 14/50 [329:17:27<856:20:49, 85634.71s/it][ADEBUG: Scalar type: Float128
DEBUG: Scalar type: Float128
DEBUG: Scalar type: Float128
DEBUG: Scalar type: Float128
DEBUG: Scalar type: Float128
DEBUG: Scalar type: Float128
DEBUG: Scalar type: Float128
DEBUG: Scalar type: Float128
DEBUG: Scalar type: Float128
DEBUG: Scalar type: Float128
DEBUG: Scalar type: Float128
DEBUG: Scalar type: Float128
DEBUG: Scalar type: Float128
DEBUG: Scalar type: Float128
DEBUG: Scalar type: Float128
DEBUG: Scalar type: Float128
DEBUG: Scalar type: Float128
DEBUG: Scalar type: Float128
DEBUG: Scalar type: Float128
DEBUG: Scalar type: Float128
DEBUG: Scalar type: Float128
DEBUG: Scalar type: Float128
DEBUG: Scalar type: Float128
DEBUG: Scalar type: Float128
DEBUG: Scalar type: Float128
DEBUG: Scalar type: Float128
DEBUG: Scalar type: Float128
DEBUG: Scalar type: Float128
DEBUG: Scalar type: Float128
DEBUG: Scalar type: Float128
DEBUG: Scalar type: Float128
DEBUG: Scalar type: Float128
DEBUG: Scalar type: Float128
DEBUG: Scalar type: Float128
DEBUG: Scalar type: Float128
DEBUG: Scalar type: Float128
DEBUG: Scalar type: Float128
DEBUG: Scalar type: Float128
DEBUG: Scalar type: Float128
DEBUG: Scalar type: Float128
DEBUG: Scalar type: Float128
DEBUG: Scalar type: Float128
DEBUG: Scalar type: Float128
DEBUG: Scalar type: Float128
DEBUG: Scalar type: Float128
DEBUG: Scalar type: Float128
DEBUG: Scalar type: Float128
DEBUG: Scalar type: Float128
DEBUG: Scalar type: Float128
DEBUG: Scalar type: Float128
DEBUG: Scalar type: Float128
DEBUG: Scalar type: Float128
DEBUG: Scalar type: Float128
DEBUG: Scalar type: Float128
DEBUG: Scalar type: Float128
DEBUG: Scalar type: Float128
DEBUG: Scalar type: Float128
DEBUG: Scalar type: Float128
DEBUG: Scalar type: Float128
DEBUG: Scalar type: Float128
DEBUG: Scalar type: Float128
DEBUG: Scalar type: Float128
DEBUG: Scalar type: Float128
DEBUG: Scalar type: Float128
DEBUG: Scalar type: Float128
DEBUG: Scalar type: Float128
DEBUG: Scalar type: Float128
DEBUG: Scalar type: Float128
DEBUG: Scalar type: Float128
DEBUG: Scalar type: Float128
DEBUG: Scalar type: Float128
DEBUG: Scalar type: Float128
DEBUG: Scalar type: Float128
DEBUG: Scalar type: Float128
DEBUG: Scalar type: Float128
DEBUG: Scalar type: Float128
DEBUG: Scalar type: Float128
DEBUG: Scalar type: Float128
DEBUG: Scalar type: Float128
DEBUG: Scalar type: Float128
DEBUG: Scalar type: Float128
DEBUG: Scalar type: Float128
DEBUG: Scalar type: Float128
DEBUG: Scalar type: Float128
DEBUG: Scalar type: Float128
DEBUG: Scalar type: Float128
DEBUG: Scalar type: Float128
DEBUG: Scalar type: Float128
DEBUG: Scalar type: Float128
DEBUG: Scalar type: Float128
DEBUG: Scalar type: Float128
DEBUG: Scalar type: Float128
DEBUG: Scalar type: Float128
DEBUG: Scalar type: Float128
DEBUG: Scalar type: Float128
DEBUG: Scalar type: Float128
DEBUG: Scalar type: Float128
DEBUG: Scalar type: Float128
DEBUG: Scalar type: Float128
DEBUG: Scalar type: Float128
Epoch 15/50 - Loss Res: 0.354356, Loss_BC1: 0.219924, Loss_BC2: 0.012290, Loss_IC: 0.043500, Total Loss: 0.630069, Time: 86948.34s

 30%|███       | 15/50 [353:26:36<836:24:33, 86030.68s/it][ADEBUG: Scalar type: Float128
DEBUG: Scalar type: Float128
DEBUG: Scalar type: Float128
DEBUG: Scalar type: Float128
DEBUG: Scalar type: Float128
DEBUG: Scalar type: Float128
DEBUG: Scalar type: Float128
DEBUG: Scalar type: Float128
DEBUG: Scalar type: Float128
DEBUG: Scalar type: Float128
DEBUG: Scalar type: Float128
DEBUG: Scalar type: Float128
DEBUG: Scalar type: Float128
DEBUG: Scalar type: Float128
DEBUG: Scalar type: Float128
DEBUG: Scalar type: Float128
DEBUG: Scalar type: Float128
DEBUG: Scalar type: Float128
DEBUG: Scalar type: Float128
DEBUG: Scalar type: Float128
DEBUG: Scalar type: Float128
DEBUG: Scalar type: Float128
DEBUG: Scalar type: Float128
DEBUG: Scalar type: Float128
DEBUG: Scalar type: Float128
DEBUG: Scalar type: Float128
DEBUG: Scalar type: Float128
DEBUG: Scalar type: Float128
DEBUG: Scalar type: Float128
DEBUG: Scalar type: Float128
DEBUG: Scalar type: Float128
DEBUG: Scalar type: Float128
DEBUG: Scalar type: Float128
DEBUG: Scalar type: Float128
DEBUG: Scalar type: Float128
DEBUG: Scalar type: Float128
DEBUG: Scalar type: Float128
DEBUG: Scalar type: Float128
DEBUG: Scalar type: Float128
DEBUG: Scalar type: Float128
DEBUG: Scalar type: Float128
DEBUG: Scalar type: Float128
DEBUG: Scalar type: Float128
DEBUG: Scalar type: Float128
DEBUG: Scalar type: Float128
DEBUG: Scalar type: Float128
DEBUG: Scalar type: Float128
DEBUG: Scalar type: Float128
DEBUG: Scalar type: Float128
DEBUG: Scalar type: Float128
DEBUG: Scalar type: Float128
DEBUG: Scalar type: Float128
DEBUG: Scalar type: Float128
DEBUG: Scalar type: Float128
DEBUG: Scalar type: Float128
DEBUG: Scalar type: Float128
DEBUG: Scalar type: Float128
DEBUG: Scalar type: Float128
DEBUG: Scalar type: Float128
DEBUG: Scalar type: Float128
DEBUG: Scalar type: Float128
DEBUG: Scalar type: Float128
DEBUG: Scalar type: Float128
DEBUG: Scalar type: Float128
DEBUG: Scalar type: Float128
DEBUG: Scalar type: Float128
DEBUG: Scalar type: Float128
DEBUG: Scalar type: Float128
DEBUG: Scalar type: Float128
DEBUG: Scalar type: Float128
DEBUG: Scalar type: Float128
DEBUG: Scalar type: Float128
DEBUG: Scalar type: Float128
DEBUG: Scalar type: Float128
DEBUG: Scalar type: Float128
DEBUG: Scalar type: Float128
DEBUG: Scalar type: Float128
DEBUG: Scalar type: Float128
DEBUG: Scalar type: Float128
DEBUG: Scalar type: Float128
DEBUG: Scalar type: Float128
DEBUG: Scalar type: Float128
DEBUG: Scalar type: Float128
DEBUG: Scalar type: Float128
DEBUG: Scalar type: Float128
DEBUG: Scalar type: Float128
DEBUG: Scalar type: Float128
DEBUG: Scalar type: Float128
DEBUG: Scalar type: Float128
DEBUG: Scalar type: Float128
DEBUG: Scalar type: Float128
DEBUG: Scalar type: Float128
DEBUG: Scalar type: Float128
DEBUG: Scalar type: Float128
DEBUG: Scalar type: Float128
DEBUG: Scalar type: Float128
DEBUG: Scalar type: Float128
DEBUG: Scalar type: Float128
DEBUG: Scalar type: Float128
DEBUG: Scalar type: Float128
Epoch 16/50 - Loss Res: 0.385872, Loss_BC1: 0.115318, Loss_BC2: 0.008923, Loss_IC: 0.040424, Total Loss: 0.550536, Time: 86965.62s

 32%|███▏      | 16/50 [377:36:01<815:10:11, 86312.10s/it][ADEBUG: Scalar type: Float128
DEBUG: Scalar type: Float128
DEBUG: Scalar type: Float128
DEBUG: Scalar type: Float128
DEBUG: Scalar type: Float128
DEBUG: Scalar type: Float128
DEBUG: Scalar type: Float128
DEBUG: Scalar type: Float128
DEBUG: Scalar type: Float128
DEBUG: Scalar type: Float128
DEBUG: Scalar type: Float128
DEBUG: Scalar type: Float128
DEBUG: Scalar type: Float128
DEBUG: Scalar type: Float128
DEBUG: Scalar type: Float128
DEBUG: Scalar type: Float128
DEBUG: Scalar type: Float128
DEBUG: Scalar type: Float128
DEBUG: Scalar type: Float128
DEBUG: Scalar type: Float128
DEBUG: Scalar type: Float128
DEBUG: Scalar type: Float128
DEBUG: Scalar type: Float128
DEBUG: Scalar type: Float128
DEBUG: Scalar type: Float128
DEBUG: Scalar type: Float128
DEBUG: Scalar type: Float128
DEBUG: Scalar type: Float128
DEBUG: Scalar type: Float128
DEBUG: Scalar type: Float128
DEBUG: Scalar type: Float128
DEBUG: Scalar type: Float128
DEBUG: Scalar type: Float128
DEBUG: Scalar type: Float128
DEBUG: Scalar type: Float128
DEBUG: Scalar type: Float128
DEBUG: Scalar type: Float128
DEBUG: Scalar type: Float128
DEBUG: Scalar type: Float128
DEBUG: Scalar type: Float128
DEBUG: Scalar type: Float128
DEBUG: Scalar type: Float128
DEBUG: Scalar type: Float128
DEBUG: Scalar type: Float128
DEBUG: Scalar type: Float128
DEBUG: Scalar type: Float128
DEBUG: Scalar type: Float128
DEBUG: Scalar type: Float128
DEBUG: Scalar type: Float128
DEBUG: Scalar type: Float128
DEBUG: Scalar type: Float128
DEBUG: Scalar type: Float128
DEBUG: Scalar type: Float128
DEBUG: Scalar type: Float128
DEBUG: Scalar type: Float128
DEBUG: Scalar type: Float128
DEBUG: Scalar type: Float128
DEBUG: Scalar type: Float128
DEBUG: Scalar type: Float128
DEBUG: Scalar type: Float128
DEBUG: Scalar type: Float128
DEBUG: Scalar type: Float128
DEBUG: Scalar type: Float128
DEBUG: Scalar type: Float128
DEBUG: Scalar type: Float128
DEBUG: Scalar type: Float128
DEBUG: Scalar type: Float128
DEBUG: Scalar type: Float128
DEBUG: Scalar type: Float128
DEBUG: Scalar type: Float128
DEBUG: Scalar type: Float128
DEBUG: Scalar type: Float128
DEBUG: Scalar type: Float128
DEBUG: Scalar type: Float128
DEBUG: Scalar type: Float128
DEBUG: Scalar type: Float128
DEBUG: Scalar type: Float128
DEBUG: Scalar type: Float128
DEBUG: Scalar type: Float128
DEBUG: Scalar type: Float128
DEBUG: Scalar type: Float128
DEBUG: Scalar type: Float128
DEBUG: Scalar type: Float128
DEBUG: Scalar type: Float128
DEBUG: Scalar type: Float128
DEBUG: Scalar type: Float128
DEBUG: Scalar type: Float128
DEBUG: Scalar type: Float128
DEBUG: Scalar type: Float128
DEBUG: Scalar type: Float128
DEBUG: Scalar type: Float128
DEBUG: Scalar type: Float128
DEBUG: Scalar type: Float128
DEBUG: Scalar type: Float128
DEBUG: Scalar type: Float128
DEBUG: Scalar type: Float128
DEBUG: Scalar type: Float128
DEBUG: Scalar type: Float128
DEBUG: Scalar type: Float128
DEBUG: Scalar type: Float128
Epoch 17/50 - Loss Res: 0.382154, Loss_BC1: 0.154440, Loss_BC2: 0.004783, Loss_IC: 0.039932, Total Loss: 0.581309, Time: 87012.06s

 34%|███▍      | 17/50 [401:46:13<793:07:25, 86522.58s/it][ADEBUG: Scalar type: Float128
DEBUG: Scalar type: Float128
DEBUG: Scalar type: Float128
DEBUG: Scalar type: Float128
DEBUG: Scalar type: Float128
DEBUG: Scalar type: Float128
DEBUG: Scalar type: Float128
DEBUG: Scalar type: Float128
DEBUG: Scalar type: Float128
DEBUG: Scalar type: Float128
DEBUG: Scalar type: Float128
DEBUG: Scalar type: Float128
DEBUG: Scalar type: Float128
DEBUG: Scalar type: Float128
DEBUG: Scalar type: Float128
DEBUG: Scalar type: Float128
DEBUG: Scalar type: Float128
DEBUG: Scalar type: Float128
DEBUG: Scalar type: Float128
DEBUG: Scalar type: Float128
DEBUG: Scalar type: Float128
DEBUG: Scalar type: Float128
DEBUG: Scalar type: Float128
DEBUG: Scalar type: Float128
DEBUG: Scalar type: Float128
DEBUG: Scalar type: Float128
DEBUG: Scalar type: Float128
DEBUG: Scalar type: Float128
DEBUG: Scalar type: Float128
DEBUG: Scalar type: Float128
DEBUG: Scalar type: Float128
DEBUG: Scalar type: Float128
DEBUG: Scalar type: Float128
DEBUG: Scalar type: Float128
DEBUG: Scalar type: Float128
DEBUG: Scalar type: Float128
DEBUG: Scalar type: Float128
DEBUG: Scalar type: Float128
DEBUG: Scalar type: Float128
DEBUG: Scalar type: Float128
DEBUG: Scalar type: Float128
DEBUG: Scalar type: Float128
DEBUG: Scalar type: Float128
DEBUG: Scalar type: Float128
DEBUG: Scalar type: Float128
DEBUG: Scalar type: Float128
DEBUG: Scalar type: Float128
DEBUG: Scalar type: Float128
DEBUG: Scalar type: Float128
DEBUG: Scalar type: Float128
DEBUG: Scalar type: Float128
DEBUG: Scalar type: Float128
DEBUG: Scalar type: Float128
DEBUG: Scalar type: Float128
DEBUG: Scalar type: Float128
DEBUG: Scalar type: Float128
DEBUG: Scalar type: Float128
DEBUG: Scalar type: Float128
DEBUG: Scalar type: Float128
DEBUG: Scalar type: Float128
DEBUG: Scalar type: Float128
DEBUG: Scalar type: Float128
DEBUG: Scalar type: Float128
DEBUG: Scalar type: Float128
DEBUG: Scalar type: Float128
DEBUG: Scalar type: Float128
DEBUG: Scalar type: Float128
DEBUG: Scalar type: Float128
DEBUG: Scalar type: Float128
DEBUG: Scalar type: Float128
DEBUG: Scalar type: Float128
DEBUG: Scalar type: Float128
DEBUG: Scalar type: Float128
DEBUG: Scalar type: Float128
DEBUG: Scalar type: Float128
DEBUG: Scalar type: Float128
DEBUG: Scalar type: Float128
DEBUG: Scalar type: Float128
DEBUG: Scalar type: Float128
DEBUG: Scalar type: Float128
DEBUG: Scalar type: Float128
DEBUG: Scalar type: Float128
DEBUG: Scalar type: Float128
DEBUG: Scalar type: Float128
DEBUG: Scalar type: Float128
DEBUG: Scalar type: Float128
DEBUG: Scalar type: Float128
DEBUG: Scalar type: Float128
DEBUG: Scalar type: Float128
DEBUG: Scalar type: Float128
DEBUG: Scalar type: Float128
DEBUG: Scalar type: Float128
Epoch 18/50 - Loss Res: 0.386496, Loss_BC1: 0.192985, Loss_BC2: 0.008572, Loss_IC: 0.038863, Total Loss: 0.626917, Time: 80082.16s

 36%|███▌      | 18/50 [424:00:55<751:53:13, 84587.30s/it][ADEBUG: Scalar type: Float128
DEBUG: Scalar type: Float128
DEBUG: Scalar type: Float128
DEBUG: Scalar type: Float128
DEBUG: Scalar type: Float128
DEBUG: Scalar type: Float128
DEBUG: Scalar type: Float128
DEBUG: Scalar type: Float128
DEBUG: Scalar type: Float128
DEBUG: Scalar type: Float128
DEBUG: Scalar type: Float128
DEBUG: Scalar type: Float128
DEBUG: Scalar type: Float128
DEBUG: Scalar type: Float128
DEBUG: Scalar type: Float128
DEBUG: Scalar type: Float128
DEBUG: Scalar type: Float128
DEBUG: Scalar type: Float128
DEBUG: Scalar type: Float128
DEBUG: Scalar type: Float128
DEBUG: Scalar type: Float128
DEBUG: Scalar type: Float128
DEBUG: Scalar type: Float128
DEBUG: Scalar type: Float128
DEBUG: Scalar type: Float128
DEBUG: Scalar type: Float128
DEBUG: Scalar type: Float128
DEBUG: Scalar type: Float128
DEBUG: Scalar type: Float128
DEBUG: Scalar type: Float128
DEBUG: Scalar type: Float128
DEBUG: Scalar type: Float128
DEBUG: Scalar type: Float128
DEBUG: Scalar type: Float128
DEBUG: Scalar type: Float128
DEBUG: Scalar type: Float128
DEBUG: Scalar type: Float128
DEBUG: Scalar type: Float128
DEBUG: Scalar type: Float128
DEBUG: Scalar type: Float128
DEBUG: Scalar type: Float128
DEBUG: Scalar type: Float128
DEBUG: Scalar type: Float128
DEBUG: Scalar type: Float128
DEBUG: Scalar type: Float128
DEBUG: Scalar type: Float128
DEBUG: Scalar type: Float128
DEBUG: Scalar type: Float128
DEBUG: Scalar type: Float128
DEBUG: Scalar type: Float128
DEBUG: Scalar type: Float128
DEBUG: Scalar type: Float128
DEBUG: Scalar type: Float128
DEBUG: Scalar type: Float128
DEBUG: Scalar type: Float128
DEBUG: Scalar type: Float128
DEBUG: Scalar type: Float128
DEBUG: Scalar type: Float128
DEBUG: Scalar type: Float128
DEBUG: Scalar type: Float128
DEBUG: Scalar type: Float128
DEBUG: Scalar type: Float128
DEBUG: Scalar type: Float128
DEBUG: Scalar type: Float128
DEBUG: Scalar type: Float128
DEBUG: Scalar type: Float128
DEBUG: Scalar type: Float128
DEBUG: Scalar type: Float128
DEBUG: Scalar type: Float128
DEBUG: Scalar type: Float128
DEBUG: Scalar type: Float128
DEBUG: Scalar type: Float128
DEBUG: Scalar type: Float128
DEBUG: Scalar type: Float128
DEBUG: Scalar type: Float128
DEBUG: Scalar type: Float128
DEBUG: Scalar type: Float128
DEBUG: Scalar type: Float128
DEBUG: Scalar type: Float128
DEBUG: Scalar type: Float128
DEBUG: Scalar type: Float128
DEBUG: Scalar type: Float128
DEBUG: Scalar type: Float128
DEBUG: Scalar type: Float128
DEBUG: Scalar type: Float128
DEBUG: Scalar type: Float128
DEBUG: Scalar type: Float128
DEBUG: Scalar type: Float128
DEBUG: Scalar type: Float128
DEBUG: Scalar type: Float128
DEBUG: Scalar type: Float128
DEBUG: Scalar type: Float128
DEBUG: Scalar type: Float128
DEBUG: Scalar type: Float128
DEBUG: Scalar type: Float128
DEBUG: Scalar type: Float128
DEBUG: Scalar type: Float128
DEBUG: Scalar type: Float128
DEBUG: Scalar type: Float128
DEBUG: Scalar type: Float128
DEBUG: Scalar type: Float128
DEBUG: Scalar type: Float128
DEBUG: Scalar type: Float128
DEBUG: Scalar type: Float128
Epoch 19/50 - Loss Res: 0.413144, Loss_BC1: 0.142978, Loss_BC2: 0.006117, Loss_IC: 0.036095, Total Loss: 0.598333, Time: 90563.72s

 38%|███▊      | 19/50 [449:10:19<743:50:50, 86382.27s/it][ADEBUG: Scalar type: Float128
DEBUG: Scalar type: Float128
DEBUG: Scalar type: Float128
DEBUG: Scalar type: Float128
DEBUG: Scalar type: Float128
DEBUG: Scalar type: Float128
DEBUG: Scalar type: Float128
DEBUG: Scalar type: Float128
DEBUG: Scalar type: Float128
DEBUG: Scalar type: Float128
DEBUG: Scalar type: Float128
DEBUG: Scalar type: Float128
DEBUG: Scalar type: Float128
DEBUG: Scalar type: Float128
DEBUG: Scalar type: Float128
DEBUG: Scalar type: Float128
DEBUG: Scalar type: Float128
DEBUG: Scalar type: Float128
DEBUG: Scalar type: Float128
DEBUG: Scalar type: Float128
DEBUG: Scalar type: Float128
DEBUG: Scalar type: Float128
DEBUG: Scalar type: Float128
DEBUG: Scalar type: Float128
DEBUG: Scalar type: Float128
DEBUG: Scalar type: Float128
DEBUG: Scalar type: Float128
DEBUG: Scalar type: Float128
DEBUG: Scalar type: Float128
DEBUG: Scalar type: Float128
DEBUG: Scalar type: Float128
DEBUG: Scalar type: Float128
DEBUG: Scalar type: Float128
DEBUG: Scalar type: Float128
DEBUG: Scalar type: Float128
DEBUG: Scalar type: Float128
DEBUG: Scalar type: Float128
DEBUG: Scalar type: Float128
DEBUG: Scalar type: Float128
DEBUG: Scalar type: Float128
DEBUG: Scalar type: Float128
DEBUG: Scalar type: Float128
DEBUG: Scalar type: Float128
DEBUG: Scalar type: Float128
DEBUG: Scalar type: Float128
DEBUG: Scalar type: Float128
DEBUG: Scalar type: Float128
DEBUG: Scalar type: Float128
DEBUG: Scalar type: Float128
DEBUG: Scalar type: Float128
DEBUG: Scalar type: Float128
DEBUG: Scalar type: Float128
DEBUG: Scalar type: Float128
DEBUG: Scalar type: Float128
DEBUG: Scalar type: Float128
DEBUG: Scalar type: Float128
DEBUG: Scalar type: Float128
DEBUG: Scalar type: Float128
DEBUG: Scalar type: Float128
DEBUG: Scalar type: Float128
DEBUG: Scalar type: Float128
DEBUG: Scalar type: Float128
DEBUG: Scalar type: Float128
DEBUG: Scalar type: Float128
DEBUG: Scalar type: Float128
DEBUG: Scalar type: Float128
DEBUG: Scalar type: Float128
DEBUG: Scalar type: Float128
DEBUG: Scalar type: Float128
DEBUG: Scalar type: Float128
DEBUG: Scalar type: Float128
DEBUG: Scalar type: Float128
DEBUG: Scalar type: Float128
DEBUG: Scalar type: Float128
DEBUG: Scalar type: Float128
DEBUG: Scalar type: Float128
DEBUG: Scalar type: Float128
DEBUG: Scalar type: Float128
DEBUG: Scalar type: Float128
DEBUG: Scalar type: Float128
DEBUG: Scalar type: Float128
DEBUG: Scalar type: Float128
DEBUG: Scalar type: Float128
DEBUG: Scalar type: Float128
DEBUG: Scalar type: Float128
DEBUG: Scalar type: Float128
DEBUG: Scalar type: Float128
DEBUG: Scalar type: Float128
DEBUG: Scalar type: Float128
DEBUG: Scalar type: Float128
DEBUG: Scalar type: Float128
DEBUG: Scalar type: Float128
DEBUG: Scalar type: Float128
DEBUG: Scalar type: Float128
DEBUG: Scalar type: Float128
DEBUG: Scalar type: Float128
DEBUG: Scalar type: Float128
DEBUG: Scalar type: Float128
DEBUG: Scalar type: Float128
DEBUG: Scalar type: Float128
Epoch 20/50 - Loss Res: 0.395500, Loss_BC1: 0.155854, Loss_BC2: 0.003670, Loss_IC: 0.037147, Total Loss: 0.592171, Time: 87048.23s

 40%|████      | 20/50 [473:21:07<721:31:06, 86582.22s/it][ADEBUG: Scalar type: Float128
DEBUG: Scalar type: Float128
DEBUG: Scalar type: Float128
DEBUG: Scalar type: Float128
DEBUG: Scalar type: Float128
DEBUG: Scalar type: Float128
DEBUG: Scalar type: Float128
DEBUG: Scalar type: Float128
DEBUG: Scalar type: Float128
DEBUG: Scalar type: Float128
DEBUG: Scalar type: Float128
DEBUG: Scalar type: Float128
DEBUG: Scalar type: Float128
DEBUG: Scalar type: Float128
DEBUG: Scalar type: Float128
DEBUG: Scalar type: Float128
DEBUG: Scalar type: Float128
DEBUG: Scalar type: Float128
DEBUG: Scalar type: Float128
DEBUG: Scalar type: Float128
DEBUG: Scalar type: Float128
DEBUG: Scalar type: Float128
DEBUG: Scalar type: Float128
DEBUG: Scalar type: Float128
DEBUG: Scalar type: Float128
DEBUG: Scalar type: Float128
DEBUG: Scalar type: Float128
DEBUG: Scalar type: Float128
DEBUG: Scalar type: Float128
DEBUG: Scalar type: Float128
DEBUG: Scalar type: Float128
DEBUG: Scalar type: Float128
DEBUG: Scalar type: Float128
DEBUG: Scalar type: Float128
DEBUG: Scalar type: Float128
DEBUG: Scalar type: Float128
DEBUG: Scalar type: Float128
DEBUG: Scalar type: Float128
DEBUG: Scalar type: Float128
DEBUG: Scalar type: Float128
DEBUG: Scalar type: Float128
DEBUG: Scalar type: Float128
DEBUG: Scalar type: Float128
DEBUG: Scalar type: Float128
DEBUG: Scalar type: Float128
DEBUG: Scalar type: Float128
DEBUG: Scalar type: Float128
DEBUG: Scalar type: Float128
DEBUG: Scalar type: Float128
DEBUG: Scalar type: Float128
DEBUG: Scalar type: Float128
DEBUG: Scalar type: Float128
DEBUG: Scalar type: Float128
DEBUG: Scalar type: Float128
DEBUG: Scalar type: Float128
DEBUG: Scalar type: Float128
DEBUG: Scalar type: Float128
DEBUG: Scalar type: Float128
DEBUG: Scalar type: Float128
DEBUG: Scalar type: Float128
DEBUG: Scalar type: Float128
DEBUG: Scalar type: Float128
DEBUG: Scalar type: Float128
DEBUG: Scalar type: Float128
DEBUG: Scalar type: Float128
DEBUG: Scalar type: Float128
DEBUG: Scalar type: Float128
DEBUG: Scalar type: Float128
DEBUG: Scalar type: Float128
DEBUG: Scalar type: Float128
DEBUG: Scalar type: Float128
DEBUG: Scalar type: Float128
DEBUG: Scalar type: Float128
DEBUG: Scalar type: Float128
DEBUG: Scalar type: Float128
DEBUG: Scalar type: Float128
DEBUG: Scalar type: Float128
DEBUG: Scalar type: Float128
DEBUG: Scalar type: Float128
DEBUG: Scalar type: Float128
DEBUG: Scalar type: Float128
DEBUG: Scalar type: Float128
DEBUG: Scalar type: Float128
DEBUG: Scalar type: Float128
DEBUG: Scalar type: Float128
DEBUG: Scalar type: Float128
DEBUG: Scalar type: Float128
DEBUG: Scalar type: Float128
DEBUG: Scalar type: Float128
DEBUG: Scalar type: Float128
DEBUG: Scalar type: Float128
DEBUG: Scalar type: Float128
DEBUG: Scalar type: Float128
DEBUG: Scalar type: Float128
DEBUG: Scalar type: Float128
DEBUG: Scalar type: Float128
Epoch 21/50 - Loss Res: 0.404342, Loss_BC1: 0.104503, Loss_BC2: 0.001226, Loss_IC: 0.036571, Total Loss: 0.546642, Time: 83555.52s

 42%|████▏     | 21/50 [496:33:43<690:08:57, 85673.70s/it][ADEBUG: Scalar type: Float128
DEBUG: Scalar type: Float128
DEBUG: Scalar type: Float128
DEBUG: Scalar type: Float128
DEBUG: Scalar type: Float128
DEBUG: Scalar type: Float128
DEBUG: Scalar type: Float128
DEBUG: Scalar type: Float128
DEBUG: Scalar type: Float128
DEBUG: Scalar type: Float128
DEBUG: Scalar type: Float128
DEBUG: Scalar type: Float128
DEBUG: Scalar type: Float128
DEBUG: Scalar type: Float128
DEBUG: Scalar type: Float128
DEBUG: Scalar type: Float128
DEBUG: Scalar type: Float128
DEBUG: Scalar type: Float128
DEBUG: Scalar type: Float128
DEBUG: Scalar type: Float128
DEBUG: Scalar type: Float128
DEBUG: Scalar type: Float128
DEBUG: Scalar type: Float128
DEBUG: Scalar type: Float128
DEBUG: Scalar type: Float128
DEBUG: Scalar type: Float128
DEBUG: Scalar type: Float128
DEBUG: Scalar type: Float128
DEBUG: Scalar type: Float128
DEBUG: Scalar type: Float128
DEBUG: Scalar type: Float128
DEBUG: Scalar type: Float128
DEBUG: Scalar type: Float128
DEBUG: Scalar type: Float128
DEBUG: Scalar type: Float128
DEBUG: Scalar type: Float128
DEBUG: Scalar type: Float128
DEBUG: Scalar type: Float128
DEBUG: Scalar type: Float128
DEBUG: Scalar type: Float128
DEBUG: Scalar type: Float128
DEBUG: Scalar type: Float128
DEBUG: Scalar type: Float128
DEBUG: Scalar type: Float128
DEBUG: Scalar type: Float128
DEBUG: Scalar type: Float128
DEBUG: Scalar type: Float128
DEBUG: Scalar type: Float128
DEBUG: Scalar type: Float128
DEBUG: Scalar type: Float128
DEBUG: Scalar type: Float128
DEBUG: Scalar type: Float128
DEBUG: Scalar type: Float128
DEBUG: Scalar type: Float128
DEBUG: Scalar type: Float128
DEBUG: Scalar type: Float128
DEBUG: Scalar type: Float128
DEBUG: Scalar type: Float128
DEBUG: Scalar type: Float128
DEBUG: Scalar type: Float128
DEBUG: Scalar type: Float128
DEBUG: Scalar type: Float128
DEBUG: Scalar type: Float128
DEBUG: Scalar type: Float128
DEBUG: Scalar type: Float128
DEBUG: Scalar type: Float128
DEBUG: Scalar type: Float128
DEBUG: Scalar type: Float128
DEBUG: Scalar type: Float128
DEBUG: Scalar type: Float128
DEBUG: Scalar type: Float128
DEBUG: Scalar type: Float128
DEBUG: Scalar type: Float128
DEBUG: Scalar type: Float128
DEBUG: Scalar type: Float128
DEBUG: Scalar type: Float128
DEBUG: Scalar type: Float128
DEBUG: Scalar type: Float128
DEBUG: Scalar type: Float128
DEBUG: Scalar type: Float128
DEBUG: Scalar type: Float128
DEBUG: Scalar type: Float128
DEBUG: Scalar type: Float128
DEBUG: Scalar type: Float128
DEBUG: Scalar type: Float128
DEBUG: Scalar type: Float128
DEBUG: Scalar type: Float128
DEBUG: Scalar type: Float128
DEBUG: Scalar type: Float128
DEBUG: Scalar type: Float128
DEBUG: Scalar type: Float128
DEBUG: Scalar type: Float128
Epoch 22/50 - Loss Res: 0.397048, Loss_BC1: 0.063069, Loss_BC2: 0.002065, Loss_IC: 0.037490, Total Loss: 0.499672, Time: 80051.79s

 44%|████▍     | 22/50 [518:47:55<653:13:41, 83986.47s/it][ADEBUG: Scalar type: Float128
DEBUG: Scalar type: Float128
DEBUG: Scalar type: Float128
DEBUG: Scalar type: Float128
DEBUG: Scalar type: Float128
DEBUG: Scalar type: Float128
DEBUG: Scalar type: Float128
DEBUG: Scalar type: Float128
DEBUG: Scalar type: Float128
DEBUG: Scalar type: Float128
DEBUG: Scalar type: Float128
DEBUG: Scalar type: Float128
DEBUG: Scalar type: Float128
DEBUG: Scalar type: Float128
DEBUG: Scalar type: Float128
DEBUG: Scalar type: Float128
DEBUG: Scalar type: Float128
DEBUG: Scalar type: Float128
DEBUG: Scalar type: Float128
DEBUG: Scalar type: Float128
DEBUG: Scalar type: Float128
DEBUG: Scalar type: Float128
DEBUG: Scalar type: Float128
DEBUG: Scalar type: Float128
DEBUG: Scalar type: Float128
DEBUG: Scalar type: Float128
DEBUG: Scalar type: Float128
DEBUG: Scalar type: Float128
DEBUG: Scalar type: Float128
DEBUG: Scalar type: Float128
DEBUG: Scalar type: Float128
DEBUG: Scalar type: Float128
DEBUG: Scalar type: Float128
DEBUG: Scalar type: Float128
DEBUG: Scalar type: Float128
DEBUG: Scalar type: Float128
DEBUG: Scalar type: Float128
DEBUG: Scalar type: Float128
DEBUG: Scalar type: Float128
DEBUG: Scalar type: Float128
DEBUG: Scalar type: Float128
DEBUG: Scalar type: Float128
DEBUG: Scalar type: Float128
DEBUG: Scalar type: Float128
DEBUG: Scalar type: Float128
DEBUG: Scalar type: Float128
DEBUG: Scalar type: Float128
DEBUG: Scalar type: Float128
DEBUG: Scalar type: Float128
DEBUG: Scalar type: Float128
DEBUG: Scalar type: Float128
DEBUG: Scalar type: Float128
DEBUG: Scalar type: Float128
DEBUG: Scalar type: Float128
DEBUG: Scalar type: Float128
DEBUG: Scalar type: Float128
DEBUG: Scalar type: Float128
DEBUG: Scalar type: Float128
DEBUG: Scalar type: Float128
DEBUG: Scalar type: Float128
DEBUG: Scalar type: Float128
DEBUG: Scalar type: Float128
DEBUG: Scalar type: Float128
DEBUG: Scalar type: Float128
DEBUG: Scalar type: Float128
DEBUG: Scalar type: Float128
DEBUG: Scalar type: Float128
DEBUG: Scalar type: Float128
DEBUG: Scalar type: Float128
DEBUG: Scalar type: Float128
DEBUG: Scalar type: Float128
DEBUG: Scalar type: Float128
DEBUG: Scalar type: Float128
DEBUG: Scalar type: Float128
DEBUG: Scalar type: Float128
DEBUG: Scalar type: Float128
DEBUG: Scalar type: Float128
DEBUG: Scalar type: Float128
DEBUG: Scalar type: Float128
DEBUG: Scalar type: Float128
DEBUG: Scalar type: Float128
DEBUG: Scalar type: Float128
DEBUG: Scalar type: Float128
DEBUG: Scalar type: Float128
DEBUG: Scalar type: Float128
DEBUG: Scalar type: Float128
DEBUG: Scalar type: Float128
DEBUG: Scalar type: Float128
DEBUG: Scalar type: Float128
DEBUG: Scalar type: Float128
DEBUG: Scalar type: Float128
DEBUG: Scalar type: Float128
DEBUG: Scalar type: Float128
DEBUG: Scalar type: Float128
DEBUG: Scalar type: Float128
DEBUG: Scalar type: Float128
DEBUG: Scalar type: Float128
DEBUG: Scalar type: Float128
DEBUG: Scalar type: Float128
DEBUG: Scalar type: Float128
Epoch 23/50 - Loss Res: 0.384563, Loss_BC1: 0.086594, Loss_BC2: 0.003536, Loss_IC: 0.037979, Total Loss: 0.512673, Time: 87029.29s

 46%|████▌     | 23/50 [542:58:24<636:44:48, 84899.56s/it][ADEBUG: Scalar type: Float128
DEBUG: Scalar type: Float128
DEBUG: Scalar type: Float128
DEBUG: Scalar type: Float128
DEBUG: Scalar type: Float128
DEBUG: Scalar type: Float128
DEBUG: Scalar type: Float128
DEBUG: Scalar type: Float128
DEBUG: Scalar type: Float128
DEBUG: Scalar type: Float128
DEBUG: Scalar type: Float128
DEBUG: Scalar type: Float128
DEBUG: Scalar type: Float128
DEBUG: Scalar type: Float128
DEBUG: Scalar type: Float128
DEBUG: Scalar type: Float128
DEBUG: Scalar type: Float128
DEBUG: Scalar type: Float128
DEBUG: Scalar type: Float128
DEBUG: Scalar type: Float128
DEBUG: Scalar type: Float128
DEBUG: Scalar type: Float128
DEBUG: Scalar type: Float128
DEBUG: Scalar type: Float128
DEBUG: Scalar type: Float128
DEBUG: Scalar type: Float128
DEBUG: Scalar type: Float128
DEBUG: Scalar type: Float128
DEBUG: Scalar type: Float128
DEBUG: Scalar type: Float128
DEBUG: Scalar type: Float128
DEBUG: Scalar type: Float128
DEBUG: Scalar type: Float128
DEBUG: Scalar type: Float128
DEBUG: Scalar type: Float128
DEBUG: Scalar type: Float128
DEBUG: Scalar type: Float128
DEBUG: Scalar type: Float128
DEBUG: Scalar type: Float128
DEBUG: Scalar type: Float128
DEBUG: Scalar type: Float128
DEBUG: Scalar type: Float128
DEBUG: Scalar type: Float128
DEBUG: Scalar type: Float128
DEBUG: Scalar type: Float128
DEBUG: Scalar type: Float128
DEBUG: Scalar type: Float128
DEBUG: Scalar type: Float128
DEBUG: Scalar type: Float128
DEBUG: Scalar type: Float128
DEBUG: Scalar type: Float128
DEBUG: Scalar type: Float128
DEBUG: Scalar type: Float128
DEBUG: Scalar type: Float128
DEBUG: Scalar type: Float128
DEBUG: Scalar type: Float128
DEBUG: Scalar type: Float128
DEBUG: Scalar type: Float128
DEBUG: Scalar type: Float128
DEBUG: Scalar type: Float128
DEBUG: Scalar type: Float128
DEBUG: Scalar type: Float128
DEBUG: Scalar type: Float128
DEBUG: Scalar type: Float128
DEBUG: Scalar type: Float128
DEBUG: Scalar type: Float128
DEBUG: Scalar type: Float128
DEBUG: Scalar type: Float128
DEBUG: Scalar type: Float128
DEBUG: Scalar type: Float128
DEBUG: Scalar type: Float128
DEBUG: Scalar type: Float128
DEBUG: Scalar type: Float128
DEBUG: Scalar type: Float128
DEBUG: Scalar type: Float128
DEBUG: Scalar type: Float128
DEBUG: Scalar type: Float128
DEBUG: Scalar type: Float128
DEBUG: Scalar type: Float128
DEBUG: Scalar type: Float128
DEBUG: Scalar type: Float128
DEBUG: Scalar type: Float128
DEBUG: Scalar type: Float128
DEBUG: Scalar type: Float128
DEBUG: Scalar type: Float128
DEBUG: Scalar type: Float128
DEBUG: Scalar type: Float128
DEBUG: Scalar type: Float128
DEBUG: Scalar type: Float128
DEBUG: Scalar type: Float128
DEBUG: Scalar type: Float128
DEBUG: Scalar type: Float128
DEBUG: Scalar type: Float128
DEBUG: Scalar type: Float128
DEBUG: Scalar type: Float128
DEBUG: Scalar type: Float128
DEBUG: Scalar type: Float128
DEBUG: Scalar type: Float128
DEBUG: Scalar type: Float128
DEBUG: Scalar type: Float128
Epoch 24/50 - Loss Res: 0.400397, Loss_BC1: 0.040750, Loss_BC2: 0.003913, Loss_IC: 0.036165, Total Loss: 0.481226, Time: 86936.78s

 48%|████▊     | 24/50 [567:07:21<617:34:42, 85510.85s/it][ADEBUG: Scalar type: Float128
DEBUG: Scalar type: Float128
DEBUG: Scalar type: Float128
DEBUG: Scalar type: Float128
DEBUG: Scalar type: Float128
DEBUG: Scalar type: Float128
DEBUG: Scalar type: Float128
DEBUG: Scalar type: Float128
DEBUG: Scalar type: Float128
DEBUG: Scalar type: Float128
DEBUG: Scalar type: Float128
DEBUG: Scalar type: Float128
DEBUG: Scalar type: Float128
DEBUG: Scalar type: Float128
DEBUG: Scalar type: Float128
DEBUG: Scalar type: Float128
DEBUG: Scalar type: Float128
DEBUG: Scalar type: Float128
DEBUG: Scalar type: Float128
DEBUG: Scalar type: Float128
DEBUG: Scalar type: Float128
DEBUG: Scalar type: Float128
DEBUG: Scalar type: Float128
DEBUG: Scalar type: Float128
DEBUG: Scalar type: Float128
DEBUG: Scalar type: Float128
DEBUG: Scalar type: Float128
DEBUG: Scalar type: Float128
DEBUG: Scalar type: Float128
DEBUG: Scalar type: Float128
DEBUG: Scalar type: Float128
DEBUG: Scalar type: Float128
DEBUG: Scalar type: Float128
DEBUG: Scalar type: Float128
DEBUG: Scalar type: Float128
DEBUG: Scalar type: Float128
DEBUG: Scalar type: Float128
DEBUG: Scalar type: Float128
DEBUG: Scalar type: Float128
DEBUG: Scalar type: Float128
DEBUG: Scalar type: Float128
DEBUG: Scalar type: Float128
DEBUG: Scalar type: Float128
DEBUG: Scalar type: Float128
DEBUG: Scalar type: Float128
DEBUG: Scalar type: Float128
DEBUG: Scalar type: Float128
DEBUG: Scalar type: Float128
DEBUG: Scalar type: Float128
DEBUG: Scalar type: Float128
DEBUG: Scalar type: Float128
DEBUG: Scalar type: Float128
DEBUG: Scalar type: Float128
DEBUG: Scalar type: Float128
DEBUG: Scalar type: Float128
DEBUG: Scalar type: Float128
DEBUG: Scalar type: Float128
DEBUG: Scalar type: Float128
DEBUG: Scalar type: Float128
DEBUG: Scalar type: Float128
DEBUG: Scalar type: Float128
DEBUG: Scalar type: Float128
DEBUG: Scalar type: Float128
DEBUG: Scalar type: Float128
DEBUG: Scalar type: Float128
DEBUG: Scalar type: Float128
DEBUG: Scalar type: Float128
DEBUG: Scalar type: Float128
DEBUG: Scalar type: Float128
DEBUG: Scalar type: Float128
DEBUG: Scalar type: Float128
DEBUG: Scalar type: Float128
DEBUG: Scalar type: Float128
DEBUG: Scalar type: Float128
DEBUG: Scalar type: Float128
DEBUG: Scalar type: Float128
DEBUG: Scalar type: Float128
DEBUG: Scalar type: Float128
DEBUG: Scalar type: Float128
DEBUG: Scalar type: Float128
DEBUG: Scalar type: Float128
DEBUG: Scalar type: Float128
DEBUG: Scalar type: Float128
DEBUG: Scalar type: Float128
DEBUG: Scalar type: Float128
DEBUG: Scalar type: Float128
DEBUG: Scalar type: Float128
DEBUG: Scalar type: Float128
DEBUG: Scalar type: Float128
DEBUG: Scalar type: Float128
DEBUG: Scalar type: Float128
DEBUG: Scalar type: Float128
Epoch 25/50 - Loss Res: 0.407626, Loss_BC1: 0.055340, Loss_BC2: 0.001821, Loss_IC: 0.034923, Total Loss: 0.499710, Time: 79990.20s

 50%|█████     | 25/50 [589:20:31<582:19:20, 83854.43s/it][ADEBUG: Scalar type: Float128
DEBUG: Scalar type: Float128
DEBUG: Scalar type: Float128
DEBUG: Scalar type: Float128
DEBUG: Scalar type: Float128
DEBUG: Scalar type: Float128
DEBUG: Scalar type: Float128
DEBUG: Scalar type: Float128
DEBUG: Scalar type: Float128
DEBUG: Scalar type: Float128
DEBUG: Scalar type: Float128
DEBUG: Scalar type: Float128
DEBUG: Scalar type: Float128
DEBUG: Scalar type: Float128
DEBUG: Scalar type: Float128
DEBUG: Scalar type: Float128
DEBUG: Scalar type: Float128
DEBUG: Scalar type: Float128
DEBUG: Scalar type: Float128
DEBUG: Scalar type: Float128
DEBUG: Scalar type: Float128
DEBUG: Scalar type: Float128
DEBUG: Scalar type: Float128
DEBUG: Scalar type: Float128
DEBUG: Scalar type: Float128
DEBUG: Scalar type: Float128
DEBUG: Scalar type: Float128
DEBUG: Scalar type: Float128
DEBUG: Scalar type: Float128
DEBUG: Scalar type: Float128
DEBUG: Scalar type: Float128
DEBUG: Scalar type: Float128
DEBUG: Scalar type: Float128
DEBUG: Scalar type: Float128
DEBUG: Scalar type: Float128
DEBUG: Scalar type: Float128
DEBUG: Scalar type: Float128
DEBUG: Scalar type: Float128
DEBUG: Scalar type: Float128
DEBUG: Scalar type: Float128
DEBUG: Scalar type: Float128
DEBUG: Scalar type: Float128
DEBUG: Scalar type: Float128
DEBUG: Scalar type: Float128
DEBUG: Scalar type: Float128
DEBUG: Scalar type: Float128
DEBUG: Scalar type: Float128
DEBUG: Scalar type: Float128
DEBUG: Scalar type: Float128
DEBUG: Scalar type: Float128
DEBUG: Scalar type: Float128
DEBUG: Scalar type: Float128
DEBUG: Scalar type: Float128
DEBUG: Scalar type: Float128
DEBUG: Scalar type: Float128
DEBUG: Scalar type: Float128
DEBUG: Scalar type: Float128
DEBUG: Scalar type: Float128
DEBUG: Scalar type: Float128
DEBUG: Scalar type: Float128
DEBUG: Scalar type: Float128
DEBUG: Scalar type: Float128
DEBUG: Scalar type: Float128
DEBUG: Scalar type: Float128
DEBUG: Scalar type: Float128
DEBUG: Scalar type: Float128
DEBUG: Scalar type: Float128
DEBUG: Scalar type: Float128
DEBUG: Scalar type: Float128
DEBUG: Scalar type: Float128
DEBUG: Scalar type: Float128
DEBUG: Scalar type: Float128
DEBUG: Scalar type: Float128
DEBUG: Scalar type: Float128
DEBUG: Scalar type: Float128
DEBUG: Scalar type: Float128
DEBUG: Scalar type: Float128
DEBUG: Scalar type: Float128
DEBUG: Scalar type: Float128
DEBUG: Scalar type: Float128
DEBUG: Scalar type: Float128
DEBUG: Scalar type: Float128
DEBUG: Scalar type: Float128
DEBUG: Scalar type: Float128
DEBUG: Scalar type: Float128
DEBUG: Scalar type: Float128
DEBUG: Scalar type: Float128
DEBUG: Scalar type: Float128
DEBUG: Scalar type: Float128
DEBUG: Scalar type: Float128
DEBUG: Scalar type: Float128
DEBUG: Scalar type: Float128
Epoch 26/50 - Loss Res: 0.412149, Loss_BC1: 0.060603, Loss_BC2: 0.003579, Loss_IC: 0.034064, Total Loss: 0.510395, Time: 79980.74s

 52%|█████▏    | 26/50 [611:33:32<551:16:53, 82692.21s/it][ADEBUG: Scalar type: Float128
DEBUG: Scalar type: Float128
DEBUG: Scalar type: Float128
DEBUG: Scalar type: Float128
DEBUG: Scalar type: Float128
DEBUG: Scalar type: Float128
DEBUG: Scalar type: Float128
DEBUG: Scalar type: Float128
DEBUG: Scalar type: Float128
DEBUG: Scalar type: Float128
DEBUG: Scalar type: Float128
DEBUG: Scalar type: Float128
DEBUG: Scalar type: Float128
DEBUG: Scalar type: Float128
DEBUG: Scalar type: Float128
DEBUG: Scalar type: Float128
DEBUG: Scalar type: Float128
DEBUG: Scalar type: Float128
DEBUG: Scalar type: Float128
DEBUG: Scalar type: Float128
DEBUG: Scalar type: Float128
DEBUG: Scalar type: Float128
DEBUG: Scalar type: Float128
DEBUG: Scalar type: Float128
DEBUG: Scalar type: Float128
DEBUG: Scalar type: Float128
DEBUG: Scalar type: Float128
DEBUG: Scalar type: Float128
DEBUG: Scalar type: Float128
DEBUG: Scalar type: Float128
DEBUG: Scalar type: Float128
DEBUG: Scalar type: Float128
DEBUG: Scalar type: Float128
DEBUG: Scalar type: Float128
DEBUG: Scalar type: Float128
DEBUG: Scalar type: Float128
DEBUG: Scalar type: Float128
DEBUG: Scalar type: Float128
DEBUG: Scalar type: Float128
DEBUG: Scalar type: Float128
DEBUG: Scalar type: Float128
DEBUG: Scalar type: Float128
DEBUG: Scalar type: Float128
DEBUG: Scalar type: Float128
DEBUG: Scalar type: Float128
DEBUG: Scalar type: Float128
DEBUG: Scalar type: Float128
DEBUG: Scalar type: Float128
DEBUG: Scalar type: Float128
DEBUG: Scalar type: Float128
DEBUG: Scalar type: Float128
DEBUG: Scalar type: Float128
DEBUG: Scalar type: Float128
DEBUG: Scalar type: Float128
DEBUG: Scalar type: Float128
DEBUG: Scalar type: Float128
DEBUG: Scalar type: Float128
DEBUG: Scalar type: Float128
DEBUG: Scalar type: Float128
DEBUG: Scalar type: Float128
DEBUG: Scalar type: Float128
DEBUG: Scalar type: Float128
DEBUG: Scalar type: Float128
DEBUG: Scalar type: Float128
DEBUG: Scalar type: Float128
DEBUG: Scalar type: Float128
DEBUG: Scalar type: Float128
DEBUG: Scalar type: Float128
DEBUG: Scalar type: Float128
DEBUG: Scalar type: Float128
DEBUG: Scalar type: Float128
DEBUG: Scalar type: Float128
DEBUG: Scalar type: Float128
DEBUG: Scalar type: Float128
DEBUG: Scalar type: Float128
DEBUG: Scalar type: Float128
DEBUG: Scalar type: Float128
DEBUG: Scalar type: Float128
DEBUG: Scalar type: Float128
DEBUG: Scalar type: Float128
DEBUG: Scalar type: Float128
DEBUG: Scalar type: Float128
DEBUG: Scalar type: Float128
DEBUG: Scalar type: Float128
DEBUG: Scalar type: Float128
DEBUG: Scalar type: Float128
DEBUG: Scalar type: Float128
DEBUG: Scalar type: Float128
DEBUG: Scalar type: Float128
DEBUG: Scalar type: Float128
DEBUG: Scalar type: Float128
DEBUG: Scalar type: Float128
DEBUG: Scalar type: Float128
DEBUG: Scalar type: Float128
DEBUG: Scalar type: Float128
DEBUG: Scalar type: Float128
DEBUG: Scalar type: Float128
DEBUG: Scalar type: Float128
DEBUG: Scalar type: Float128
DEBUG: Scalar type: Float128
DEBUG: Scalar type: Float128
DEBUG: Scalar type: Float128
DEBUG: Scalar type: Float128
DEBUG: Scalar type: Float128
Epoch 27/50 - Loss Res: 0.406442, Loss_BC1: 0.016047, Loss_BC2: 0.001964, Loss_IC: 0.034155, Total Loss: 0.458609, Time: 90380.22s

 54%|█████▍    | 27/50 [636:39:52<543:02:51, 84998.77s/it][ADEBUG: Scalar type: Float128
DEBUG: Scalar type: Float128
DEBUG: Scalar type: Float128
DEBUG: Scalar type: Float128
DEBUG: Scalar type: Float128
DEBUG: Scalar type: Float128
DEBUG: Scalar type: Float128
DEBUG: Scalar type: Float128
DEBUG: Scalar type: Float128
DEBUG: Scalar type: Float128
DEBUG: Scalar type: Float128
DEBUG: Scalar type: Float128
DEBUG: Scalar type: Float128
DEBUG: Scalar type: Float128
DEBUG: Scalar type: Float128
DEBUG: Scalar type: Float128
DEBUG: Scalar type: Float128
DEBUG: Scalar type: Float128
DEBUG: Scalar type: Float128
DEBUG: Scalar type: Float128
DEBUG: Scalar type: Float128
DEBUG: Scalar type: Float128
DEBUG: Scalar type: Float128
DEBUG: Scalar type: Float128
DEBUG: Scalar type: Float128
DEBUG: Scalar type: Float128
DEBUG: Scalar type: Float128
DEBUG: Scalar type: Float128
DEBUG: Scalar type: Float128
DEBUG: Scalar type: Float128
DEBUG: Scalar type: Float128
DEBUG: Scalar type: Float128
DEBUG: Scalar type: Float128
DEBUG: Scalar type: Float128
DEBUG: Scalar type: Float128
DEBUG: Scalar type: Float128
DEBUG: Scalar type: Float128
DEBUG: Scalar type: Float128
DEBUG: Scalar type: Float128
DEBUG: Scalar type: Float128
DEBUG: Scalar type: Float128
DEBUG: Scalar type: Float128
DEBUG: Scalar type: Float128
DEBUG: Scalar type: Float128
DEBUG: Scalar type: Float128
DEBUG: Scalar type: Float128
DEBUG: Scalar type: Float128
DEBUG: Scalar type: Float128
DEBUG: Scalar type: Float128
DEBUG: Scalar type: Float128
DEBUG: Scalar type: Float128
DEBUG: Scalar type: Float128
DEBUG: Scalar type: Float128
DEBUG: Scalar type: Float128
DEBUG: Scalar type: Float128
DEBUG: Scalar type: Float128
DEBUG: Scalar type: Float128
DEBUG: Scalar type: Float128
DEBUG: Scalar type: Float128
DEBUG: Scalar type: Float128
DEBUG: Scalar type: Float128
DEBUG: Scalar type: Float128
DEBUG: Scalar type: Float128
DEBUG: Scalar type: Float128
DEBUG: Scalar type: Float128
DEBUG: Scalar type: Float128
DEBUG: Scalar type: Float128
DEBUG: Scalar type: Float128
DEBUG: Scalar type: Float128
DEBUG: Scalar type: Float128
DEBUG: Scalar type: Float128
DEBUG: Scalar type: Float128
DEBUG: Scalar type: Float128
DEBUG: Scalar type: Float128
DEBUG: Scalar type: Float128
DEBUG: Scalar type: Float128
DEBUG: Scalar type: Float128
DEBUG: Scalar type: Float128
DEBUG: Scalar type: Float128
DEBUG: Scalar type: Float128
DEBUG: Scalar type: Float128
DEBUG: Scalar type: Float128
DEBUG: Scalar type: Float128
DEBUG: Scalar type: Float128
DEBUG: Scalar type: Float128
DEBUG: Scalar type: Float128
DEBUG: Scalar type: Float128
DEBUG: Scalar type: Float128
DEBUG: Scalar type: Float128
DEBUG: Scalar type: Float128
DEBUG: Scalar type: Float128
DEBUG: Scalar type: Float128
DEBUG: Scalar type: Float128
DEBUG: Scalar type: Float128
DEBUG: Scalar type: Float128
DEBUG: Scalar type: Float128
Epoch 28/50 - Loss Res: 0.412790, Loss_BC1: 0.005964, Loss_BC2: 0.003984, Loss_IC: 0.033244, Total Loss: 0.455982, Time: 83419.45s

 56%|█████▌    | 28/50 [659:50:11<516:32:28, 84524.95s/it][ADEBUG: Scalar type: Float128
DEBUG: Scalar type: Float128
DEBUG: Scalar type: Float128
DEBUG: Scalar type: Float128
DEBUG: Scalar type: Float128
DEBUG: Scalar type: Float128
DEBUG: Scalar type: Float128
DEBUG: Scalar type: Float128
DEBUG: Scalar type: Float128
DEBUG: Scalar type: Float128
DEBUG: Scalar type: Float128
DEBUG: Scalar type: Float128
DEBUG: Scalar type: Float128
DEBUG: Scalar type: Float128
DEBUG: Scalar type: Float128
DEBUG: Scalar type: Float128
DEBUG: Scalar type: Float128
DEBUG: Scalar type: Float128
DEBUG: Scalar type: Float128
DEBUG: Scalar type: Float128
DEBUG: Scalar type: Float128
DEBUG: Scalar type: Float128
DEBUG: Scalar type: Float128
DEBUG: Scalar type: Float128
DEBUG: Scalar type: Float128
DEBUG: Scalar type: Float128
DEBUG: Scalar type: Float128
DEBUG: Scalar type: Float128
DEBUG: Scalar type: Float128
DEBUG: Scalar type: Float128
DEBUG: Scalar type: Float128
DEBUG: Scalar type: Float128
DEBUG: Scalar type: Float128
DEBUG: Scalar type: Float128
DEBUG: Scalar type: Float128
DEBUG: Scalar type: Float128
DEBUG: Scalar type: Float128
DEBUG: Scalar type: Float128
DEBUG: Scalar type: Float128
DEBUG: Scalar type: Float128
DEBUG: Scalar type: Float128
DEBUG: Scalar type: Float128
DEBUG: Scalar type: Float128
DEBUG: Scalar type: Float128
DEBUG: Scalar type: Float128
DEBUG: Scalar type: Float128
DEBUG: Scalar type: Float128
DEBUG: Scalar type: Float128
DEBUG: Scalar type: Float128
DEBUG: Scalar type: Float128
DEBUG: Scalar type: Float128
DEBUG: Scalar type: Float128
DEBUG: Scalar type: Float128
DEBUG: Scalar type: Float128
DEBUG: Scalar type: Float128
DEBUG: Scalar type: Float128
DEBUG: Scalar type: Float128
DEBUG: Scalar type: Float128
DEBUG: Scalar type: Float128
DEBUG: Scalar type: Float128
DEBUG: Scalar type: Float128
DEBUG: Scalar type: Float128
DEBUG: Scalar type: Float128
DEBUG: Scalar type: Float128
DEBUG: Scalar type: Float128
DEBUG: Scalar type: Float128
DEBUG: Scalar type: Float128
DEBUG: Scalar type: Float128
DEBUG: Scalar type: Float128
DEBUG: Scalar type: Float128
DEBUG: Scalar type: Float128
DEBUG: Scalar type: Float128
DEBUG: Scalar type: Float128
DEBUG: Scalar type: Float128
DEBUG: Scalar type: Float128
DEBUG: Scalar type: Float128
DEBUG: Scalar type: Float128
DEBUG: Scalar type: Float128
DEBUG: Scalar type: Float128
DEBUG: Scalar type: Float128
DEBUG: Scalar type: Float128
DEBUG: Scalar type: Float128
DEBUG: Scalar type: Float128
DEBUG: Scalar type: Float128
DEBUG: Scalar type: Float128
DEBUG: Scalar type: Float128
DEBUG: Scalar type: Float128
DEBUG: Scalar type: Float128
Epoch 29/50 - Loss Res: 0.420401, Loss_BC1: 0.012953, Loss_BC2: 0.003956, Loss_IC: 0.032303, Total Loss: 0.469612, Time: 76540.73s

 58%|█████▊    | 29/50 [681:05:52<479:05:21, 82129.61s/it][ADEBUG: Scalar type: Float128
DEBUG: Scalar type: Float128
DEBUG: Scalar type: Float128
DEBUG: Scalar type: Float128
DEBUG: Scalar type: Float128
DEBUG: Scalar type: Float128
DEBUG: Scalar type: Float128
DEBUG: Scalar type: Float128
DEBUG: Scalar type: Float128
DEBUG: Scalar type: Float128
DEBUG: Scalar type: Float128
DEBUG: Scalar type: Float128
DEBUG: Scalar type: Float128
DEBUG: Scalar type: Float128
DEBUG: Scalar type: Float128
DEBUG: Scalar type: Float128
DEBUG: Scalar type: Float128
DEBUG: Scalar type: Float128
DEBUG: Scalar type: Float128
DEBUG: Scalar type: Float128
DEBUG: Scalar type: Float128
DEBUG: Scalar type: Float128
DEBUG: Scalar type: Float128
DEBUG: Scalar type: Float128
DEBUG: Scalar type: Float128
DEBUG: Scalar type: Float128
DEBUG: Scalar type: Float128
DEBUG: Scalar type: Float128
DEBUG: Scalar type: Float128
DEBUG: Scalar type: Float128
DEBUG: Scalar type: Float128
DEBUG: Scalar type: Float128
DEBUG: Scalar type: Float128
DEBUG: Scalar type: Float128
DEBUG: Scalar type: Float128
DEBUG: Scalar type: Float128
DEBUG: Scalar type: Float128
DEBUG: Scalar type: Float128
DEBUG: Scalar type: Float128
DEBUG: Scalar type: Float128
DEBUG: Scalar type: Float128
DEBUG: Scalar type: Float128
DEBUG: Scalar type: Float128
DEBUG: Scalar type: Float128
DEBUG: Scalar type: Float128
DEBUG: Scalar type: Float128
DEBUG: Scalar type: Float128
DEBUG: Scalar type: Float128
DEBUG: Scalar type: Float128
DEBUG: Scalar type: Float128
DEBUG: Scalar type: Float128
DEBUG: Scalar type: Float128
DEBUG: Scalar type: Float128
DEBUG: Scalar type: Float128
DEBUG: Scalar type: Float128
DEBUG: Scalar type: Float128
DEBUG: Scalar type: Float128
DEBUG: Scalar type: Float128
DEBUG: Scalar type: Float128
DEBUG: Scalar type: Float128
DEBUG: Scalar type: Float128
DEBUG: Scalar type: Float128
DEBUG: Scalar type: Float128
DEBUG: Scalar type: Float128
DEBUG: Scalar type: Float128
DEBUG: Scalar type: Float128
DEBUG: Scalar type: Float128
DEBUG: Scalar type: Float128
DEBUG: Scalar type: Float128
DEBUG: Scalar type: Float128
DEBUG: Scalar type: Float128
DEBUG: Scalar type: Float128
DEBUG: Scalar type: Float128
DEBUG: Scalar type: Float128
DEBUG: Scalar type: Float128
DEBUG: Scalar type: Float128
DEBUG: Scalar type: Float128
DEBUG: Scalar type: Float128
DEBUG: Scalar type: Float128
DEBUG: Scalar type: Float128
DEBUG: Scalar type: Float128
DEBUG: Scalar type: Float128
DEBUG: Scalar type: Float128
DEBUG: Scalar type: Float128
DEBUG: Scalar type: Float128
DEBUG: Scalar type: Float128
DEBUG: Scalar type: Float128
DEBUG: Scalar type: Float128
DEBUG: Scalar type: Float128
DEBUG: Scalar type: Float128
DEBUG: Scalar type: Float128
DEBUG: Scalar type: Float128
DEBUG: Scalar type: Float128
DEBUG: Scalar type: Float128
DEBUG: Scalar type: Float128
DEBUG: Scalar type: Float128
DEBUG: Scalar type: Float128
DEBUG: Scalar type: Float128
DEBUG: Scalar type: Float128
DEBUG: Scalar type: Float128
Epoch 30/50 - Loss Res: 0.425583, Loss_BC1: 0.014083, Loss_BC2: 0.003726, Loss_IC: 0.031648, Total Loss: 0.475040, Time: 87072.63s

 60%|██████    | 30/50 [705:17:05<464:30:50, 83612.55s/it][ADEBUG: Scalar type: Float128
DEBUG: Scalar type: Float128
DEBUG: Scalar type: Float128
DEBUG: Scalar type: Float128
DEBUG: Scalar type: Float128
DEBUG: Scalar type: Float128
DEBUG: Scalar type: Float128
DEBUG: Scalar type: Float128
DEBUG: Scalar type: Float128
DEBUG: Scalar type: Float128
DEBUG: Scalar type: Float128
DEBUG: Scalar type: Float128
DEBUG: Scalar type: Float128
DEBUG: Scalar type: Float128
DEBUG: Scalar type: Float128
DEBUG: Scalar type: Float128
DEBUG: Scalar type: Float128
DEBUG: Scalar type: Float128
DEBUG: Scalar type: Float128
DEBUG: Scalar type: Float128
DEBUG: Scalar type: Float128
DEBUG: Scalar type: Float128
DEBUG: Scalar type: Float128
DEBUG: Scalar type: Float128
DEBUG: Scalar type: Float128
DEBUG: Scalar type: Float128
DEBUG: Scalar type: Float128
DEBUG: Scalar type: Float128
DEBUG: Scalar type: Float128
DEBUG: Scalar type: Float128
DEBUG: Scalar type: Float128
DEBUG: Scalar type: Float128
DEBUG: Scalar type: Float128
DEBUG: Scalar type: Float128
DEBUG: Scalar type: Float128
DEBUG: Scalar type: Float128
DEBUG: Scalar type: Float128
DEBUG: Scalar type: Float128
DEBUG: Scalar type: Float128
DEBUG: Scalar type: Float128
DEBUG: Scalar type: Float128
DEBUG: Scalar type: Float128
DEBUG: Scalar type: Float128
DEBUG: Scalar type: Float128
DEBUG: Scalar type: Float128
DEBUG: Scalar type: Float128
DEBUG: Scalar type: Float128
DEBUG: Scalar type: Float128
DEBUG: Scalar type: Float128
DEBUG: Scalar type: Float128
DEBUG: Scalar type: Float128
DEBUG: Scalar type: Float128
DEBUG: Scalar type: Float128
DEBUG: Scalar type: Float128
DEBUG: Scalar type: Float128
DEBUG: Scalar type: Float128
DEBUG: Scalar type: Float128
DEBUG: Scalar type: Float128
DEBUG: Scalar type: Float128
DEBUG: Scalar type: Float128
DEBUG: Scalar type: Float128
DEBUG: Scalar type: Float128
DEBUG: Scalar type: Float128
DEBUG: Scalar type: Float128
DEBUG: Scalar type: Float128
DEBUG: Scalar type: Float128
DEBUG: Scalar type: Float128
DEBUG: Scalar type: Float128
DEBUG: Scalar type: Float128
DEBUG: Scalar type: Float128
DEBUG: Scalar type: Float128
DEBUG: Scalar type: Float128
DEBUG: Scalar type: Float128
DEBUG: Scalar type: Float128
DEBUG: Scalar type: Float128
DEBUG: Scalar type: Float128
DEBUG: Scalar type: Float128
DEBUG: Scalar type: Float128
DEBUG: Scalar type: Float128
DEBUG: Scalar type: Float128
DEBUG: Scalar type: Float128
DEBUG: Scalar type: Float128
DEBUG: Scalar type: Float128
DEBUG: Scalar type: Float128
DEBUG: Scalar type: Float128
DEBUG: Scalar type: Float128
DEBUG: Scalar type: Float128
DEBUG: Scalar type: Float128
DEBUG: Scalar type: Float128
DEBUG: Scalar type: Float128
DEBUG: Scalar type: Float128
DEBUG: Scalar type: Float128
DEBUG: Scalar type: Float128
DEBUG: Scalar type: Float128
DEBUG: Scalar type: Float128
DEBUG: Scalar type: Float128
DEBUG: Scalar type: Float128
DEBUG: Scalar type: Float128
DEBUG: Scalar type: Float128
DEBUG: Scalar type: Float128
DEBUG: Scalar type: Float128
DEBUG: Scalar type: Float128
DEBUG: Scalar type: Float128
DEBUG: Scalar type: Float128
Epoch 31/50 - Loss Res: 0.420880, Loss_BC1: 0.018893, Loss_BC2: 0.001919, Loss_IC: 0.031900, Total Loss: 0.473591, Time: 90388.72s

 62%|██████▏   | 31/50 [730:23:33<452:01:03, 85645.43s/it][ADEBUG: Scalar type: Float128
DEBUG: Scalar type: Float128
DEBUG: Scalar type: Float128
DEBUG: Scalar type: Float128
DEBUG: Scalar type: Float128
DEBUG: Scalar type: Float128
DEBUG: Scalar type: Float128
DEBUG: Scalar type: Float128
DEBUG: Scalar type: Float128
DEBUG: Scalar type: Float128
DEBUG: Scalar type: Float128
DEBUG: Scalar type: Float128
DEBUG: Scalar type: Float128
DEBUG: Scalar type: Float128
DEBUG: Scalar type: Float128
DEBUG: Scalar type: Float128
DEBUG: Scalar type: Float128
DEBUG: Scalar type: Float128
DEBUG: Scalar type: Float128
DEBUG: Scalar type: Float128
DEBUG: Scalar type: Float128
DEBUG: Scalar type: Float128
DEBUG: Scalar type: Float128
DEBUG: Scalar type: Float128
DEBUG: Scalar type: Float128
DEBUG: Scalar type: Float128
DEBUG: Scalar type: Float128
DEBUG: Scalar type: Float128
DEBUG: Scalar type: Float128
DEBUG: Scalar type: Float128
DEBUG: Scalar type: Float128
DEBUG: Scalar type: Float128
DEBUG: Scalar type: Float128
DEBUG: Scalar type: Float128
DEBUG: Scalar type: Float128
DEBUG: Scalar type: Float128
DEBUG: Scalar type: Float128
DEBUG: Scalar type: Float128
DEBUG: Scalar type: Float128
DEBUG: Scalar type: Float128
DEBUG: Scalar type: Float128
DEBUG: Scalar type: Float128
DEBUG: Scalar type: Float128
DEBUG: Scalar type: Float128
DEBUG: Scalar type: Float128
DEBUG: Scalar type: Float128
DEBUG: Scalar type: Float128
DEBUG: Scalar type: Float128
DEBUG: Scalar type: Float128
DEBUG: Scalar type: Float128
DEBUG: Scalar type: Float128
DEBUG: Scalar type: Float128
DEBUG: Scalar type: Float128
DEBUG: Scalar type: Float128
DEBUG: Scalar type: Float128
DEBUG: Scalar type: Float128
DEBUG: Scalar type: Float128
DEBUG: Scalar type: Float128
DEBUG: Scalar type: Float128
DEBUG: Scalar type: Float128
DEBUG: Scalar type: Float128
DEBUG: Scalar type: Float128
DEBUG: Scalar type: Float128
DEBUG: Scalar type: Float128
DEBUG: Scalar type: Float128
DEBUG: Scalar type: Float128
DEBUG: Scalar type: Float128
DEBUG: Scalar type: Float128
DEBUG: Scalar type: Float128
DEBUG: Scalar type: Float128
DEBUG: Scalar type: Float128
DEBUG: Scalar type: Float128
DEBUG: Scalar type: Float128
DEBUG: Scalar type: Float128
DEBUG: Scalar type: Float128
DEBUG: Scalar type: Float128
DEBUG: Scalar type: Float128
DEBUG: Scalar type: Float128
DEBUG: Scalar type: Float128
DEBUG: Scalar type: Float128
DEBUG: Scalar type: Float128
DEBUG: Scalar type: Float128
DEBUG: Scalar type: Float128
DEBUG: Scalar type: Float128
DEBUG: Scalar type: Float128
DEBUG: Scalar type: Float128
DEBUG: Scalar type: Float128
DEBUG: Scalar type: Float128
DEBUG: Scalar type: Float128
DEBUG: Scalar type: Float128
DEBUG: Scalar type: Float128
DEBUG: Scalar type: Float128
DEBUG: Scalar type: Float128
DEBUG: Scalar type: Float128
DEBUG: Scalar type: Float128
DEBUG: Scalar type: Float128
Epoch 32/50 - Loss Res: 0.418211, Loss_BC1: 0.015928, Loss_BC2: 0.001379, Loss_IC: 0.032127, Total Loss: 0.467645, Time: 83440.98s

 64%|██████▍   | 32/50 [753:34:14<424:55:13, 84984.09s/it][ADEBUG: Scalar type: Float128
DEBUG: Scalar type: Float128
DEBUG: Scalar type: Float128
DEBUG: Scalar type: Float128
DEBUG: Scalar type: Float128
DEBUG: Scalar type: Float128
DEBUG: Scalar type: Float128
DEBUG: Scalar type: Float128
DEBUG: Scalar type: Float128
DEBUG: Scalar type: Float128
DEBUG: Scalar type: Float128
DEBUG: Scalar type: Float128
DEBUG: Scalar type: Float128
DEBUG: Scalar type: Float128
DEBUG: Scalar type: Float128
DEBUG: Scalar type: Float128
DEBUG: Scalar type: Float128
DEBUG: Scalar type: Float128
DEBUG: Scalar type: Float128
DEBUG: Scalar type: Float128
DEBUG: Scalar type: Float128
DEBUG: Scalar type: Float128
DEBUG: Scalar type: Float128
DEBUG: Scalar type: Float128
DEBUG: Scalar type: Float128
DEBUG: Scalar type: Float128
DEBUG: Scalar type: Float128
DEBUG: Scalar type: Float128
DEBUG: Scalar type: Float128
DEBUG: Scalar type: Float128
DEBUG: Scalar type: Float128
DEBUG: Scalar type: Float128
DEBUG: Scalar type: Float128
DEBUG: Scalar type: Float128
DEBUG: Scalar type: Float128
DEBUG: Scalar type: Float128
DEBUG: Scalar type: Float128
DEBUG: Scalar type: Float128
DEBUG: Scalar type: Float128
DEBUG: Scalar type: Float128
DEBUG: Scalar type: Float128
DEBUG: Scalar type: Float128
DEBUG: Scalar type: Float128
DEBUG: Scalar type: Float128
DEBUG: Scalar type: Float128
DEBUG: Scalar type: Float128
DEBUG: Scalar type: Float128
DEBUG: Scalar type: Float128
DEBUG: Scalar type: Float128
DEBUG: Scalar type: Float128
DEBUG: Scalar type: Float128
DEBUG: Scalar type: Float128
DEBUG: Scalar type: Float128
DEBUG: Scalar type: Float128
DEBUG: Scalar type: Float128
DEBUG: Scalar type: Float128
DEBUG: Scalar type: Float128
DEBUG: Scalar type: Float128
DEBUG: Scalar type: Float128
DEBUG: Scalar type: Float128
DEBUG: Scalar type: Float128
DEBUG: Scalar type: Float128
DEBUG: Scalar type: Float128
DEBUG: Scalar type: Float128
DEBUG: Scalar type: Float128
DEBUG: Scalar type: Float128
DEBUG: Scalar type: Float128
DEBUG: Scalar type: Float128
DEBUG: Scalar type: Float128
DEBUG: Scalar type: Float128
DEBUG: Scalar type: Float128
DEBUG: Scalar type: Float128
DEBUG: Scalar type: Float128
DEBUG: Scalar type: Float128
DEBUG: Scalar type: Float128
DEBUG: Scalar type: Float128
DEBUG: Scalar type: Float128
DEBUG: Scalar type: Float128
DEBUG: Scalar type: Float128
DEBUG: Scalar type: Float128
DEBUG: Scalar type: Float128
DEBUG: Scalar type: Float128
DEBUG: Scalar type: Float128
DEBUG: Scalar type: Float128
DEBUG: Scalar type: Float128
DEBUG: Scalar type: Float128
DEBUG: Scalar type: Float128
DEBUG: Scalar type: Float128
DEBUG: Scalar type: Float128
DEBUG: Scalar type: Float128
DEBUG: Scalar type: Float128
DEBUG: Scalar type: Float128
DEBUG: Scalar type: Float128
DEBUG: Scalar type: Float128
DEBUG: Scalar type: Float128
DEBUG: Scalar type: Float128
Epoch 33/50 - Loss Res: 0.421743, Loss_BC1: 0.011942, Loss_BC2: 0.001145, Loss_IC: 0.031697, Total Loss: 0.466527, Time: 83464.20s

 66%|██████▌   | 33/50 [776:45:19<399:09:38, 84528.12s/it][ADEBUG: Scalar type: Float128
DEBUG: Scalar type: Float128
DEBUG: Scalar type: Float128
DEBUG: Scalar type: Float128
DEBUG: Scalar type: Float128
DEBUG: Scalar type: Float128
DEBUG: Scalar type: Float128
DEBUG: Scalar type: Float128
DEBUG: Scalar type: Float128
DEBUG: Scalar type: Float128
DEBUG: Scalar type: Float128
DEBUG: Scalar type: Float128
DEBUG: Scalar type: Float128
DEBUG: Scalar type: Float128
DEBUG: Scalar type: Float128
DEBUG: Scalar type: Float128
DEBUG: Scalar type: Float128
DEBUG: Scalar type: Float128
DEBUG: Scalar type: Float128
DEBUG: Scalar type: Float128
DEBUG: Scalar type: Float128
DEBUG: Scalar type: Float128
DEBUG: Scalar type: Float128
DEBUG: Scalar type: Float128
DEBUG: Scalar type: Float128
DEBUG: Scalar type: Float128
DEBUG: Scalar type: Float128
DEBUG: Scalar type: Float128
DEBUG: Scalar type: Float128
DEBUG: Scalar type: Float128
DEBUG: Scalar type: Float128
DEBUG: Scalar type: Float128
DEBUG: Scalar type: Float128
DEBUG: Scalar type: Float128
DEBUG: Scalar type: Float128
DEBUG: Scalar type: Float128
DEBUG: Scalar type: Float128
DEBUG: Scalar type: Float128
DEBUG: Scalar type: Float128
DEBUG: Scalar type: Float128
DEBUG: Scalar type: Float128
DEBUG: Scalar type: Float128
DEBUG: Scalar type: Float128
DEBUG: Scalar type: Float128
DEBUG: Scalar type: Float128
DEBUG: Scalar type: Float128
DEBUG: Scalar type: Float128
DEBUG: Scalar type: Float128
DEBUG: Scalar type: Float128
DEBUG: Scalar type: Float128
DEBUG: Scalar type: Float128
DEBUG: Scalar type: Float128
DEBUG: Scalar type: Float128
DEBUG: Scalar type: Float128
DEBUG: Scalar type: Float128
DEBUG: Scalar type: Float128
DEBUG: Scalar type: Float128
DEBUG: Scalar type: Float128
DEBUG: Scalar type: Float128
DEBUG: Scalar type: Float128
DEBUG: Scalar type: Float128
DEBUG: Scalar type: Float128
DEBUG: Scalar type: Float128
DEBUG: Scalar type: Float128
DEBUG: Scalar type: Float128
DEBUG: Scalar type: Float128
DEBUG: Scalar type: Float128
DEBUG: Scalar type: Float128
DEBUG: Scalar type: Float128
DEBUG: Scalar type: Float128
DEBUG: Scalar type: Float128
DEBUG: Scalar type: Float128
DEBUG: Scalar type: Float128
DEBUG: Scalar type: Float128
DEBUG: Scalar type: Float128
DEBUG: Scalar type: Float128
DEBUG: Scalar type: Float128
DEBUG: Scalar type: Float128
DEBUG: Scalar type: Float128
DEBUG: Scalar type: Float128
DEBUG: Scalar type: Float128
DEBUG: Scalar type: Float128
DEBUG: Scalar type: Float128
DEBUG: Scalar type: Float128
DEBUG: Scalar type: Float128
DEBUG: Scalar type: Float128
DEBUG: Scalar type: Float128
DEBUG: Scalar type: Float128
DEBUG: Scalar type: Float128
DEBUG: Scalar type: Float128
DEBUG: Scalar type: Float128
DEBUG: Scalar type: Float128
DEBUG: Scalar type: Float128
DEBUG: Scalar type: Float128
DEBUG: Scalar type: Float128
DEBUG: Scalar type: Float128
Epoch 34/50 - Loss Res: 0.420940, Loss_BC1: 0.011473, Loss_BC2: 0.000716, Loss_IC: 0.031738, Total Loss: 0.464867, Time: 83544.71s

 68%|██████▊   | 34/50 [799:57:43<374:22:09, 84233.09s/it][ADEBUG: Scalar type: Float128
DEBUG: Scalar type: Float128
DEBUG: Scalar type: Float128
DEBUG: Scalar type: Float128
DEBUG: Scalar type: Float128
DEBUG: Scalar type: Float128
DEBUG: Scalar type: Float128
DEBUG: Scalar type: Float128
DEBUG: Scalar type: Float128
DEBUG: Scalar type: Float128
DEBUG: Scalar type: Float128
DEBUG: Scalar type: Float128
DEBUG: Scalar type: Float128
DEBUG: Scalar type: Float128
DEBUG: Scalar type: Float128
DEBUG: Scalar type: Float128
DEBUG: Scalar type: Float128
DEBUG: Scalar type: Float128
DEBUG: Scalar type: Float128
DEBUG: Scalar type: Float128
DEBUG: Scalar type: Float128
DEBUG: Scalar type: Float128
DEBUG: Scalar type: Float128
DEBUG: Scalar type: Float128
DEBUG: Scalar type: Float128
DEBUG: Scalar type: Float128
DEBUG: Scalar type: Float128
DEBUG: Scalar type: Float128
DEBUG: Scalar type: Float128
DEBUG: Scalar type: Float128
DEBUG: Scalar type: Float128
DEBUG: Scalar type: Float128
DEBUG: Scalar type: Float128
DEBUG: Scalar type: Float128
DEBUG: Scalar type: Float128
DEBUG: Scalar type: Float128
DEBUG: Scalar type: Float128
DEBUG: Scalar type: Float128
DEBUG: Scalar type: Float128
DEBUG: Scalar type: Float128
DEBUG: Scalar type: Float128
DEBUG: Scalar type: Float128
DEBUG: Scalar type: Float128
DEBUG: Scalar type: Float128
DEBUG: Scalar type: Float128
DEBUG: Scalar type: Float128
DEBUG: Scalar type: Float128
DEBUG: Scalar type: Float128
DEBUG: Scalar type: Float128
DEBUG: Scalar type: Float128
DEBUG: Scalar type: Float128
DEBUG: Scalar type: Float128
DEBUG: Scalar type: Float128
DEBUG: Scalar type: Float128
DEBUG: Scalar type: Float128
DEBUG: Scalar type: Float128
DEBUG: Scalar type: Float128
DEBUG: Scalar type: Float128
DEBUG: Scalar type: Float128
DEBUG: Scalar type: Float128
DEBUG: Scalar type: Float128
DEBUG: Scalar type: Float128
DEBUG: Scalar type: Float128
DEBUG: Scalar type: Float128
DEBUG: Scalar type: Float128
DEBUG: Scalar type: Float128
DEBUG: Scalar type: Float128
DEBUG: Scalar type: Float128
DEBUG: Scalar type: Float128
DEBUG: Scalar type: Float128
DEBUG: Scalar type: Float128
DEBUG: Scalar type: Float128
DEBUG: Scalar type: Float128
DEBUG: Scalar type: Float128
DEBUG: Scalar type: Float128
DEBUG: Scalar type: Float128
DEBUG: Scalar type: Float128
DEBUG: Scalar type: Float128
DEBUG: Scalar type: Float128
DEBUG: Scalar type: Float128
DEBUG: Scalar type: Float128
DEBUG: Scalar type: Float128
DEBUG: Scalar type: Float128
DEBUG: Scalar type: Float128
DEBUG: Scalar type: Float128
DEBUG: Scalar type: Float128
DEBUG: Scalar type: Float128
DEBUG: Scalar type: Float128
DEBUG: Scalar type: Float128
DEBUG: Scalar type: Float128
DEBUG: Scalar type: Float128
DEBUG: Scalar type: Float128
DEBUG: Scalar type: Float128
DEBUG: Scalar type: Float128
DEBUG: Scalar type: Float128
DEBUG: Scalar type: Float128
DEBUG: Scalar type: Float128
DEBUG: Scalar type: Float128
DEBUG: Scalar type: Float128
DEBUG: Scalar type: Float128
Epoch 35/50 - Loss Res: 0.417772, Loss_BC1: 0.012462, Loss_BC2: 0.000521, Loss_IC: 0.031989, Total Loss: 0.462744, Time: 87069.30s

 70%|███████   | 35/50 [824:08:53<354:30:59, 85083.96s/it][ADEBUG: Scalar type: Float128
DEBUG: Scalar type: Float128
DEBUG: Scalar type: Float128
DEBUG: Scalar type: Float128
DEBUG: Scalar type: Float128
DEBUG: Scalar type: Float128
DEBUG: Scalar type: Float128
DEBUG: Scalar type: Float128
DEBUG: Scalar type: Float128
DEBUG: Scalar type: Float128
DEBUG: Scalar type: Float128
DEBUG: Scalar type: Float128
DEBUG: Scalar type: Float128
DEBUG: Scalar type: Float128
DEBUG: Scalar type: Float128
DEBUG: Scalar type: Float128
DEBUG: Scalar type: Float128
DEBUG: Scalar type: Float128
DEBUG: Scalar type: Float128
DEBUG: Scalar type: Float128
DEBUG: Scalar type: Float128
DEBUG: Scalar type: Float128
DEBUG: Scalar type: Float128
DEBUG: Scalar type: Float128
DEBUG: Scalar type: Float128
DEBUG: Scalar type: Float128
DEBUG: Scalar type: Float128
DEBUG: Scalar type: Float128
DEBUG: Scalar type: Float128
DEBUG: Scalar type: Float128
DEBUG: Scalar type: Float128
DEBUG: Scalar type: Float128
DEBUG: Scalar type: Float128
DEBUG: Scalar type: Float128
DEBUG: Scalar type: Float128
DEBUG: Scalar type: Float128
DEBUG: Scalar type: Float128
DEBUG: Scalar type: Float128
DEBUG: Scalar type: Float128
DEBUG: Scalar type: Float128
DEBUG: Scalar type: Float128
DEBUG: Scalar type: Float128
DEBUG: Scalar type: Float128
DEBUG: Scalar type: Float128
DEBUG: Scalar type: Float128
DEBUG: Scalar type: Float128
DEBUG: Scalar type: Float128
DEBUG: Scalar type: Float128
DEBUG: Scalar type: Float128
DEBUG: Scalar type: Float128
DEBUG: Scalar type: Float128
DEBUG: Scalar type: Float128
DEBUG: Scalar type: Float128
DEBUG: Scalar type: Float128
DEBUG: Scalar type: Float128
DEBUG: Scalar type: Float128
DEBUG: Scalar type: Float128
DEBUG: Scalar type: Float128
DEBUG: Scalar type: Float128
DEBUG: Scalar type: Float128
DEBUG: Scalar type: Float128
DEBUG: Scalar type: Float128
DEBUG: Scalar type: Float128
DEBUG: Scalar type: Float128
DEBUG: Scalar type: Float128
DEBUG: Scalar type: Float128
DEBUG: Scalar type: Float128
DEBUG: Scalar type: Float128
DEBUG: Scalar type: Float128
DEBUG: Scalar type: Float128
DEBUG: Scalar type: Float128
DEBUG: Scalar type: Float128
DEBUG: Scalar type: Float128
DEBUG: Scalar type: Float128
DEBUG: Scalar type: Float128
DEBUG: Scalar type: Float128
DEBUG: Scalar type: Float128
DEBUG: Scalar type: Float128
DEBUG: Scalar type: Float128
DEBUG: Scalar type: Float128
DEBUG: Scalar type: Float128
DEBUG: Scalar type: Float128
DEBUG: Scalar type: Float128
DEBUG: Scalar type: Float128
DEBUG: Scalar type: Float128
DEBUG: Scalar type: Float128
DEBUG: Scalar type: Float128
DEBUG: Scalar type: Float128
DEBUG: Scalar type: Float128
DEBUG: Scalar type: Float128
DEBUG: Scalar type: Float128
DEBUG: Scalar type: Float128
DEBUG: Scalar type: Float128
DEBUG: Scalar type: Float128
DEBUG: Scalar type: Float128
DEBUG: Scalar type: Float128
Epoch 36/50 - Loss Res: 0.425050, Loss_BC1: 0.012492, Loss_BC2: 0.001213, Loss_IC: 0.031139, Total Loss: 0.469894, Time: 83452.93s

 72%|███████▏  | 36/50 [847:19:46<328:58:45, 84594.65s/it][ADEBUG: Scalar type: Float128
DEBUG: Scalar type: Float128
DEBUG: Scalar type: Float128
DEBUG: Scalar type: Float128
DEBUG: Scalar type: Float128
DEBUG: Scalar type: Float128
DEBUG: Scalar type: Float128
DEBUG: Scalar type: Float128
DEBUG: Scalar type: Float128
DEBUG: Scalar type: Float128
DEBUG: Scalar type: Float128
DEBUG: Scalar type: Float128
DEBUG: Scalar type: Float128
DEBUG: Scalar type: Float128
DEBUG: Scalar type: Float128
DEBUG: Scalar type: Float128
DEBUG: Scalar type: Float128
DEBUG: Scalar type: Float128
DEBUG: Scalar type: Float128
DEBUG: Scalar type: Float128
DEBUG: Scalar type: Float128
DEBUG: Scalar type: Float128
DEBUG: Scalar type: Float128
DEBUG: Scalar type: Float128
DEBUG: Scalar type: Float128
DEBUG: Scalar type: Float128
DEBUG: Scalar type: Float128
DEBUG: Scalar type: Float128
DEBUG: Scalar type: Float128
DEBUG: Scalar type: Float128
DEBUG: Scalar type: Float128
DEBUG: Scalar type: Float128
DEBUG: Scalar type: Float128
DEBUG: Scalar type: Float128
DEBUG: Scalar type: Float128
DEBUG: Scalar type: Float128
DEBUG: Scalar type: Float128
DEBUG: Scalar type: Float128
DEBUG: Scalar type: Float128
DEBUG: Scalar type: Float128
DEBUG: Scalar type: Float128
DEBUG: Scalar type: Float128
DEBUG: Scalar type: Float128
DEBUG: Scalar type: Float128
DEBUG: Scalar type: Float128
DEBUG: Scalar type: Float128
DEBUG: Scalar type: Float128
DEBUG: Scalar type: Float128
DEBUG: Scalar type: Float128
DEBUG: Scalar type: Float128
DEBUG: Scalar type: Float128
DEBUG: Scalar type: Float128
DEBUG: Scalar type: Float128
DEBUG: Scalar type: Float128
DEBUG: Scalar type: Float128
DEBUG: Scalar type: Float128
DEBUG: Scalar type: Float128
DEBUG: Scalar type: Float128
DEBUG: Scalar type: Float128
DEBUG: Scalar type: Float128
DEBUG: Scalar type: Float128
DEBUG: Scalar type: Float128
DEBUG: Scalar type: Float128
DEBUG: Scalar type: Float128
DEBUG: Scalar type: Float128
DEBUG: Scalar type: Float128
DEBUG: Scalar type: Float128
DEBUG: Scalar type: Float128
DEBUG: Scalar type: Float128
DEBUG: Scalar type: Float128
DEBUG: Scalar type: Float128
DEBUG: Scalar type: Float128
DEBUG: Scalar type: Float128
DEBUG: Scalar type: Float128
DEBUG: Scalar type: Float128
DEBUG: Scalar type: Float128
DEBUG: Scalar type: Float128
DEBUG: Scalar type: Float128
DEBUG: Scalar type: Float128
DEBUG: Scalar type: Float128
DEBUG: Scalar type: Float128
DEBUG: Scalar type: Float128
DEBUG: Scalar type: Float128
DEBUG: Scalar type: Float128
DEBUG: Scalar type: Float128
DEBUG: Scalar type: Float128
DEBUG: Scalar type: Float128
DEBUG: Scalar type: Float128
DEBUG: Scalar type: Float128
DEBUG: Scalar type: Float128
DEBUG: Scalar type: Float128
DEBUG: Scalar type: Float128
DEBUG: Scalar type: Float128
DEBUG: Scalar type: Float128
DEBUG: Scalar type: Float128
DEBUG: Scalar type: Float128
DEBUG: Scalar type: Float128
DEBUG: Scalar type: Float128
DEBUG: Scalar type: Float128
DEBUG: Scalar type: Float128
Epoch 37/50 - Loss Res: 0.421897, Loss_BC1: 0.010264, Loss_BC2: 0.003527, Loss_IC: 0.031280, Total Loss: 0.466968, Time: 86916.45s

 74%|███████▍  | 37/50 [871:28:22<307:59:45, 85291.19s/it][ADEBUG: Scalar type: Float128
DEBUG: Scalar type: Float128
DEBUG: Scalar type: Float128
DEBUG: Scalar type: Float128
DEBUG: Scalar type: Float128
DEBUG: Scalar type: Float128
DEBUG: Scalar type: Float128
DEBUG: Scalar type: Float128
DEBUG: Scalar type: Float128
DEBUG: Scalar type: Float128
DEBUG: Scalar type: Float128
DEBUG: Scalar type: Float128
DEBUG: Scalar type: Float128
DEBUG: Scalar type: Float128
DEBUG: Scalar type: Float128
DEBUG: Scalar type: Float128
DEBUG: Scalar type: Float128
DEBUG: Scalar type: Float128
DEBUG: Scalar type: Float128
DEBUG: Scalar type: Float128
DEBUG: Scalar type: Float128
DEBUG: Scalar type: Float128
DEBUG: Scalar type: Float128
DEBUG: Scalar type: Float128
DEBUG: Scalar type: Float128
DEBUG: Scalar type: Float128
DEBUG: Scalar type: Float128
DEBUG: Scalar type: Float128
DEBUG: Scalar type: Float128
DEBUG: Scalar type: Float128
DEBUG: Scalar type: Float128
DEBUG: Scalar type: Float128
DEBUG: Scalar type: Float128
DEBUG: Scalar type: Float128
DEBUG: Scalar type: Float128
DEBUG: Scalar type: Float128
DEBUG: Scalar type: Float128
DEBUG: Scalar type: Float128
DEBUG: Scalar type: Float128
DEBUG: Scalar type: Float128
DEBUG: Scalar type: Float128
DEBUG: Scalar type: Float128
DEBUG: Scalar type: Float128
DEBUG: Scalar type: Float128
DEBUG: Scalar type: Float128
DEBUG: Scalar type: Float128
DEBUG: Scalar type: Float128
DEBUG: Scalar type: Float128
DEBUG: Scalar type: Float128
DEBUG: Scalar type: Float128
DEBUG: Scalar type: Float128
DEBUG: Scalar type: Float128
DEBUG: Scalar type: Float128
DEBUG: Scalar type: Float128
DEBUG: Scalar type: Float128
DEBUG: Scalar type: Float128
DEBUG: Scalar type: Float128
DEBUG: Scalar type: Float128
DEBUG: Scalar type: Float128
DEBUG: Scalar type: Float128
DEBUG: Scalar type: Float128
DEBUG: Scalar type: Float128
DEBUG: Scalar type: Float128
DEBUG: Scalar type: Float128
DEBUG: Scalar type: Float128
DEBUG: Scalar type: Float128
DEBUG: Scalar type: Float128
DEBUG: Scalar type: Float128
DEBUG: Scalar type: Float128
DEBUG: Scalar type: Float128
DEBUG: Scalar type: Float128
DEBUG: Scalar type: Float128
DEBUG: Scalar type: Float128
DEBUG: Scalar type: Float128
DEBUG: Scalar type: Float128
DEBUG: Scalar type: Float128
DEBUG: Scalar type: Float128
DEBUG: Scalar type: Float128
DEBUG: Scalar type: Float128
DEBUG: Scalar type: Float128
DEBUG: Scalar type: Float128
DEBUG: Scalar type: Float128
DEBUG: Scalar type: Float128
DEBUG: Scalar type: Float128
DEBUG: Scalar type: Float128
DEBUG: Scalar type: Float128
DEBUG: Scalar type: Float128
DEBUG: Scalar type: Float128
DEBUG: Scalar type: Float128
DEBUG: Scalar type: Float128
DEBUG: Scalar type: Float128
DEBUG: Scalar type: Float128
DEBUG: Scalar type: Float128
DEBUG: Scalar type: Float128
DEBUG: Scalar type: Float128
DEBUG: Scalar type: Float128
DEBUG: Scalar type: Float128
DEBUG: Scalar type: Float128
DEBUG: Scalar type: Float128
DEBUG: Scalar type: Float128
Epoch 38/50 - Loss Res: 0.428092, Loss_BC1: 0.005939, Loss_BC2: 0.011577, Loss_IC: 0.030450, Total Loss: 0.476058, Time: 86876.22s

 76%|███████▌  | 38/50 [895:36:18<285:53:20, 85766.70s/it][ADEBUG: Scalar type: Float128
DEBUG: Scalar type: Float128
DEBUG: Scalar type: Float128
DEBUG: Scalar type: Float128
DEBUG: Scalar type: Float128
DEBUG: Scalar type: Float128
DEBUG: Scalar type: Float128
DEBUG: Scalar type: Float128
DEBUG: Scalar type: Float128
DEBUG: Scalar type: Float128
DEBUG: Scalar type: Float128
DEBUG: Scalar type: Float128
DEBUG: Scalar type: Float128
DEBUG: Scalar type: Float128
DEBUG: Scalar type: Float128
DEBUG: Scalar type: Float128
DEBUG: Scalar type: Float128
DEBUG: Scalar type: Float128
DEBUG: Scalar type: Float128
DEBUG: Scalar type: Float128
DEBUG: Scalar type: Float128
DEBUG: Scalar type: Float128
DEBUG: Scalar type: Float128
DEBUG: Scalar type: Float128
DEBUG: Scalar type: Float128
DEBUG: Scalar type: Float128
DEBUG: Scalar type: Float128
DEBUG: Scalar type: Float128
DEBUG: Scalar type: Float128
DEBUG: Scalar type: Float128
DEBUG: Scalar type: Float128
DEBUG: Scalar type: Float128
DEBUG: Scalar type: Float128
DEBUG: Scalar type: Float128
DEBUG: Scalar type: Float128
DEBUG: Scalar type: Float128
DEBUG: Scalar type: Float128
DEBUG: Scalar type: Float128
DEBUG: Scalar type: Float128
DEBUG: Scalar type: Float128
DEBUG: Scalar type: Float128
DEBUG: Scalar type: Float128
DEBUG: Scalar type: Float128
DEBUG: Scalar type: Float128
DEBUG: Scalar type: Float128
DEBUG: Scalar type: Float128
DEBUG: Scalar type: Float128
DEBUG: Scalar type: Float128
DEBUG: Scalar type: Float128
DEBUG: Scalar type: Float128
DEBUG: Scalar type: Float128
DEBUG: Scalar type: Float128
DEBUG: Scalar type: Float128
DEBUG: Scalar type: Float128
DEBUG: Scalar type: Float128
DEBUG: Scalar type: Float128
DEBUG: Scalar type: Float128
DEBUG: Scalar type: Float128
DEBUG: Scalar type: Float128
DEBUG: Scalar type: Float128
DEBUG: Scalar type: Float128
DEBUG: Scalar type: Float128
DEBUG: Scalar type: Float128
DEBUG: Scalar type: Float128
DEBUG: Scalar type: Float128
DEBUG: Scalar type: Float128
DEBUG: Scalar type: Float128
DEBUG: Scalar type: Float128
DEBUG: Scalar type: Float128
DEBUG: Scalar type: Float128
DEBUG: Scalar type: Float128
DEBUG: Scalar type: Float128
DEBUG: Scalar type: Float128
DEBUG: Scalar type: Float128
DEBUG: Scalar type: Float128
DEBUG: Scalar type: Float128
DEBUG: Scalar type: Float128
DEBUG: Scalar type: Float128
DEBUG: Scalar type: Float128
DEBUG: Scalar type: Float128
DEBUG: Scalar type: Float128
DEBUG: Scalar type: Float128
DEBUG: Scalar type: Float128
DEBUG: Scalar type: Float128
DEBUG: Scalar type: Float128
DEBUG: Scalar type: Float128
DEBUG: Scalar type: Float128
DEBUG: Scalar type: Float128
DEBUG: Scalar type: Float128
DEBUG: Scalar type: Float128
DEBUG: Scalar type: Float128
DEBUG: Scalar type: Float128
Epoch 39/50 - Loss Res: 0.427508, Loss_BC1: 0.004980, Loss_BC2: 0.023480, Loss_IC: 0.030322, Total Loss: 0.486290, Time: 79893.30s

 78%|███████▊  | 39/50 [917:47:52<256:40:51, 84004.68s/it][ADEBUG: Scalar type: Float128
DEBUG: Scalar type: Float128
DEBUG: Scalar type: Float128
DEBUG: Scalar type: Float128
DEBUG: Scalar type: Float128
DEBUG: Scalar type: Float128
DEBUG: Scalar type: Float128
DEBUG: Scalar type: Float128
DEBUG: Scalar type: Float128
DEBUG: Scalar type: Float128
DEBUG: Scalar type: Float128
DEBUG: Scalar type: Float128
DEBUG: Scalar type: Float128
DEBUG: Scalar type: Float128
DEBUG: Scalar type: Float128
DEBUG: Scalar type: Float128
DEBUG: Scalar type: Float128
DEBUG: Scalar type: Float128
DEBUG: Scalar type: Float128
DEBUG: Scalar type: Float128
DEBUG: Scalar type: Float128
DEBUG: Scalar type: Float128
DEBUG: Scalar type: Float128
DEBUG: Scalar type: Float128
DEBUG: Scalar type: Float128
DEBUG: Scalar type: Float128
DEBUG: Scalar type: Float128
DEBUG: Scalar type: Float128
DEBUG: Scalar type: Float128
DEBUG: Scalar type: Float128
DEBUG: Scalar type: Float128
DEBUG: Scalar type: Float128
DEBUG: Scalar type: Float128
DEBUG: Scalar type: Float128
DEBUG: Scalar type: Float128
DEBUG: Scalar type: Float128
DEBUG: Scalar type: Float128
DEBUG: Scalar type: Float128
DEBUG: Scalar type: Float128
DEBUG: Scalar type: Float128
DEBUG: Scalar type: Float128
DEBUG: Scalar type: Float128
DEBUG: Scalar type: Float128
DEBUG: Scalar type: Float128
DEBUG: Scalar type: Float128
DEBUG: Scalar type: Float128
DEBUG: Scalar type: Float128
DEBUG: Scalar type: Float128
DEBUG: Scalar type: Float128
DEBUG: Scalar type: Float128
DEBUG: Scalar type: Float128
DEBUG: Scalar type: Float128
DEBUG: Scalar type: Float128
DEBUG: Scalar type: Float128
DEBUG: Scalar type: Float128
DEBUG: Scalar type: Float128
DEBUG: Scalar type: Float128
DEBUG: Scalar type: Float128
DEBUG: Scalar type: Float128
DEBUG: Scalar type: Float128
DEBUG: Scalar type: Float128
DEBUG: Scalar type: Float128
DEBUG: Scalar type: Float128
DEBUG: Scalar type: Float128
DEBUG: Scalar type: Float128
DEBUG: Scalar type: Float128
DEBUG: Scalar type: Float128
DEBUG: Scalar type: Float128
DEBUG: Scalar type: Float128
DEBUG: Scalar type: Float128
DEBUG: Scalar type: Float128
DEBUG: Scalar type: Float128
DEBUG: Scalar type: Float128
DEBUG: Scalar type: Float128
DEBUG: Scalar type: Float128
DEBUG: Scalar type: Float128
DEBUG: Scalar type: Float128
DEBUG: Scalar type: Float128
DEBUG: Scalar type: Float128
DEBUG: Scalar type: Float128
DEBUG: Scalar type: Float128
DEBUG: Scalar type: Float128
DEBUG: Scalar type: Float128
DEBUG: Scalar type: Float128
DEBUG: Scalar type: Float128
DEBUG: Scalar type: Float128
DEBUG: Scalar type: Float128
DEBUG: Scalar type: Float128
DEBUG: Scalar type: Float128
DEBUG: Scalar type: Float128
DEBUG: Scalar type: Float128
DEBUG: Scalar type: Float128
DEBUG: Scalar type: Float128
DEBUG: Scalar type: Float128
DEBUG: Scalar type: Float128
DEBUG: Scalar type: Float128
DEBUG: Scalar type: Float128
DEBUG: Scalar type: Float128
DEBUG: Scalar type: Float128
DEBUG: Scalar type: Float128
Epoch 40/50 - Loss Res: 0.427891, Loss_BC1: 0.001784, Loss_BC2: 0.031733, Loss_IC: 0.030148, Total Loss: 0.491555, Time: 86815.75s

 80%|████████  | 40/50 [941:54:47<235:41:20, 84848.00s/it][ADEBUG: Scalar type: Float128
DEBUG: Scalar type: Float128
DEBUG: Scalar type: Float128
DEBUG: Scalar type: Float128
DEBUG: Scalar type: Float128
DEBUG: Scalar type: Float128
DEBUG: Scalar type: Float128
DEBUG: Scalar type: Float128
DEBUG: Scalar type: Float128
DEBUG: Scalar type: Float128
DEBUG: Scalar type: Float128
DEBUG: Scalar type: Float128
DEBUG: Scalar type: Float128
DEBUG: Scalar type: Float128
DEBUG: Scalar type: Float128
DEBUG: Scalar type: Float128
DEBUG: Scalar type: Float128
DEBUG: Scalar type: Float128
DEBUG: Scalar type: Float128
DEBUG: Scalar type: Float128
DEBUG: Scalar type: Float128
DEBUG: Scalar type: Float128
DEBUG: Scalar type: Float128
DEBUG: Scalar type: Float128
DEBUG: Scalar type: Float128
DEBUG: Scalar type: Float128
DEBUG: Scalar type: Float128
DEBUG: Scalar type: Float128
DEBUG: Scalar type: Float128
DEBUG: Scalar type: Float128
DEBUG: Scalar type: Float128
DEBUG: Scalar type: Float128
DEBUG: Scalar type: Float128
DEBUG: Scalar type: Float128
DEBUG: Scalar type: Float128
DEBUG: Scalar type: Float128
DEBUG: Scalar type: Float128
DEBUG: Scalar type: Float128
DEBUG: Scalar type: Float128
DEBUG: Scalar type: Float128
DEBUG: Scalar type: Float128
DEBUG: Scalar type: Float128
DEBUG: Scalar type: Float128
DEBUG: Scalar type: Float128
DEBUG: Scalar type: Float128
DEBUG: Scalar type: Float128
DEBUG: Scalar type: Float128
DEBUG: Scalar type: Float128
DEBUG: Scalar type: Float128
DEBUG: Scalar type: Float128
DEBUG: Scalar type: Float128
DEBUG: Scalar type: Float128
DEBUG: Scalar type: Float128
DEBUG: Scalar type: Float128
DEBUG: Scalar type: Float128
DEBUG: Scalar type: Float128
DEBUG: Scalar type: Float128
DEBUG: Scalar type: Float128
DEBUG: Scalar type: Float128
DEBUG: Scalar type: Float128
DEBUG: Scalar type: Float128
DEBUG: Scalar type: Float128
DEBUG: Scalar type: Float128
DEBUG: Scalar type: Float128
DEBUG: Scalar type: Float128
DEBUG: Scalar type: Float128
DEBUG: Scalar type: Float128
DEBUG: Scalar type: Float128
DEBUG: Scalar type: Float128
DEBUG: Scalar type: Float128
DEBUG: Scalar type: Float128
DEBUG: Scalar type: Float128
DEBUG: Scalar type: Float128
DEBUG: Scalar type: Float128
DEBUG: Scalar type: Float128
DEBUG: Scalar type: Float128
DEBUG: Scalar type: Float128
DEBUG: Scalar type: Float128
DEBUG: Scalar type: Float128
DEBUG: Scalar type: Float128
DEBUG: Scalar type: Float128
DEBUG: Scalar type: Float128
DEBUG: Scalar type: Float128
DEBUG: Scalar type: Float128
DEBUG: Scalar type: Float128
DEBUG: Scalar type: Float128
DEBUG: Scalar type: Float128
DEBUG: Scalar type: Float128
DEBUG: Scalar type: Float128
DEBUG: Scalar type: Float128
DEBUG: Scalar type: Float128
DEBUG: Scalar type: Float128
DEBUG: Scalar type: Float128
DEBUG: Scalar type: Float128
DEBUG: Scalar type: Float128
DEBUG: Scalar type: Float128
DEBUG: Scalar type: Float128
DEBUG: Scalar type: Float128
DEBUG: Scalar type: Float128
DEBUG: Scalar type: Float128
Epoch 41/50 - Loss Res: 0.425458, Loss_BC1: 0.003341, Loss_BC2: 0.024193, Loss_IC: 0.030208, Total Loss: 0.483200, Time: 86866.98s

 82%|████████▏ | 41/50 [966:02:34<213:38:03, 85453.70s/it][ADEBUG: Scalar type: Float128
DEBUG: Scalar type: Float128
DEBUG: Scalar type: Float128
DEBUG: Scalar type: Float128
DEBUG: Scalar type: Float128
DEBUG: Scalar type: Float128
DEBUG: Scalar type: Float128
DEBUG: Scalar type: Float128
DEBUG: Scalar type: Float128
DEBUG: Scalar type: Float128
DEBUG: Scalar type: Float128
DEBUG: Scalar type: Float128
DEBUG: Scalar type: Float128
DEBUG: Scalar type: Float128
DEBUG: Scalar type: Float128
DEBUG: Scalar type: Float128
DEBUG: Scalar type: Float128
DEBUG: Scalar type: Float128
DEBUG: Scalar type: Float128
DEBUG: Scalar type: Float128
DEBUG: Scalar type: Float128
DEBUG: Scalar type: Float128
DEBUG: Scalar type: Float128
DEBUG: Scalar type: Float128
DEBUG: Scalar type: Float128
DEBUG: Scalar type: Float128
DEBUG: Scalar type: Float128
DEBUG: Scalar type: Float128
DEBUG: Scalar type: Float128
DEBUG: Scalar type: Float128
DEBUG: Scalar type: Float128
DEBUG: Scalar type: Float128
DEBUG: Scalar type: Float128
DEBUG: Scalar type: Float128
DEBUG: Scalar type: Float128
DEBUG: Scalar type: Float128
DEBUG: Scalar type: Float128
DEBUG: Scalar type: Float128
DEBUG: Scalar type: Float128
DEBUG: Scalar type: Float128
DEBUG: Scalar type: Float128
DEBUG: Scalar type: Float128
DEBUG: Scalar type: Float128
DEBUG: Scalar type: Float128
DEBUG: Scalar type: Float128
DEBUG: Scalar type: Float128
DEBUG: Scalar type: Float128
DEBUG: Scalar type: Float128
DEBUG: Scalar type: Float128
DEBUG: Scalar type: Float128
DEBUG: Scalar type: Float128
DEBUG: Scalar type: Float128
DEBUG: Scalar type: Float128
DEBUG: Scalar type: Float128
DEBUG: Scalar type: Float128
DEBUG: Scalar type: Float128
DEBUG: Scalar type: Float128
DEBUG: Scalar type: Float128
DEBUG: Scalar type: Float128
DEBUG: Scalar type: Float128
DEBUG: Scalar type: Float128
DEBUG: Scalar type: Float128
DEBUG: Scalar type: Float128
DEBUG: Scalar type: Float128
DEBUG: Scalar type: Float128
DEBUG: Scalar type: Float128
DEBUG: Scalar type: Float128
DEBUG: Scalar type: Float128
DEBUG: Scalar type: Float128
DEBUG: Scalar type: Float128
DEBUG: Scalar type: Float128
DEBUG: Scalar type: Float128
DEBUG: Scalar type: Float128
DEBUG: Scalar type: Float128
DEBUG: Scalar type: Float128
DEBUG: Scalar type: Float128
DEBUG: Scalar type: Float128
DEBUG: Scalar type: Float128
DEBUG: Scalar type: Float128
DEBUG: Scalar type: Float128
DEBUG: Scalar type: Float128
DEBUG: Scalar type: Float128
DEBUG: Scalar type: Float128
DEBUG: Scalar type: Float128
DEBUG: Scalar type: Float128
DEBUG: Scalar type: Float128
DEBUG: Scalar type: Float128
DEBUG: Scalar type: Float128
DEBUG: Scalar type: Float128
DEBUG: Scalar type: Float128
DEBUG: Scalar type: Float128
DEBUG: Scalar type: Float128
Epoch 42/50 - Loss Res: 0.425968, Loss_BC1: 0.003329, Loss_BC2: 0.020128, Loss_IC: 0.030131, Total Loss: 0.479556, Time: 80036.30s

 84%|████████▍ | 42/50 [988:16:31<186:17:07, 83828.48s/it][ADEBUG: Scalar type: Float128
DEBUG: Scalar type: Float128
DEBUG: Scalar type: Float128
DEBUG: Scalar type: Float128
DEBUG: Scalar type: Float128
DEBUG: Scalar type: Float128
DEBUG: Scalar type: Float128
DEBUG: Scalar type: Float128
DEBUG: Scalar type: Float128
DEBUG: Scalar type: Float128
DEBUG: Scalar type: Float128
DEBUG: Scalar type: Float128
DEBUG: Scalar type: Float128
DEBUG: Scalar type: Float128
DEBUG: Scalar type: Float128
DEBUG: Scalar type: Float128
DEBUG: Scalar type: Float128
DEBUG: Scalar type: Float128
DEBUG: Scalar type: Float128
DEBUG: Scalar type: Float128
DEBUG: Scalar type: Float128
DEBUG: Scalar type: Float128
DEBUG: Scalar type: Float128
DEBUG: Scalar type: Float128
DEBUG: Scalar type: Float128
DEBUG: Scalar type: Float128
DEBUG: Scalar type: Float128
DEBUG: Scalar type: Float128
DEBUG: Scalar type: Float128
DEBUG: Scalar type: Float128
DEBUG: Scalar type: Float128
DEBUG: Scalar type: Float128
DEBUG: Scalar type: Float128
DEBUG: Scalar type: Float128
DEBUG: Scalar type: Float128
DEBUG: Scalar type: Float128
DEBUG: Scalar type: Float128
DEBUG: Scalar type: Float128
DEBUG: Scalar type: Float128
DEBUG: Scalar type: Float128
DEBUG: Scalar type: Float128
DEBUG: Scalar type: Float128
DEBUG: Scalar type: Float128
DEBUG: Scalar type: Float128
DEBUG: Scalar type: Float128
DEBUG: Scalar type: Float128
DEBUG: Scalar type: Float128
DEBUG: Scalar type: Float128
DEBUG: Scalar type: Float128
DEBUG: Scalar type: Float128
DEBUG: Scalar type: Float128
DEBUG: Scalar type: Float128
DEBUG: Scalar type: Float128
DEBUG: Scalar type: Float128
DEBUG: Scalar type: Float128
DEBUG: Scalar type: Float128
DEBUG: Scalar type: Float128
DEBUG: Scalar type: Float128
DEBUG: Scalar type: Float128
DEBUG: Scalar type: Float128
DEBUG: Scalar type: Float128
DEBUG: Scalar type: Float128
DEBUG: Scalar type: Float128
DEBUG: Scalar type: Float128
DEBUG: Scalar type: Float128
DEBUG: Scalar type: Float128
DEBUG: Scalar type: Float128
DEBUG: Scalar type: Float128
DEBUG: Scalar type: Float128
DEBUG: Scalar type: Float128
DEBUG: Scalar type: Float128
DEBUG: Scalar type: Float128
DEBUG: Scalar type: Float128
DEBUG: Scalar type: Float128
DEBUG: Scalar type: Float128
DEBUG: Scalar type: Float128
DEBUG: Scalar type: Float128
DEBUG: Scalar type: Float128
DEBUG: Scalar type: Float128
DEBUG: Scalar type: Float128
DEBUG: Scalar type: Float128
DEBUG: Scalar type: Float128
DEBUG: Scalar type: Float128
DEBUG: Scalar type: Float128
DEBUG: Scalar type: Float128
DEBUG: Scalar type: Float128
DEBUG: Scalar type: Float128
DEBUG: Scalar type: Float128
DEBUG: Scalar type: Float128
DEBUG: Scalar type: Float128
DEBUG: Scalar type: Float128
DEBUG: Scalar type: Float128
Epoch 43/50 - Loss Res: 0.426330, Loss_BC1: 0.003103, Loss_BC2: 0.016187, Loss_IC: 0.030069, Total Loss: 0.475689, Time: 80154.98s

 86%|████████▌ | 43/50 [1010:32:26<160:51:24, 82726.43s/it][ADEBUG: Scalar type: Float128
DEBUG: Scalar type: Float128
DEBUG: Scalar type: Float128
DEBUG: Scalar type: Float128
DEBUG: Scalar type: Float128
DEBUG: Scalar type: Float128
DEBUG: Scalar type: Float128
DEBUG: Scalar type: Float128
DEBUG: Scalar type: Float128
DEBUG: Scalar type: Float128
DEBUG: Scalar type: Float128
DEBUG: Scalar type: Float128
DEBUG: Scalar type: Float128
DEBUG: Scalar type: Float128
DEBUG: Scalar type: Float128
DEBUG: Scalar type: Float128
DEBUG: Scalar type: Float128
DEBUG: Scalar type: Float128
DEBUG: Scalar type: Float128
DEBUG: Scalar type: Float128
DEBUG: Scalar type: Float128
DEBUG: Scalar type: Float128
DEBUG: Scalar type: Float128
DEBUG: Scalar type: Float128
DEBUG: Scalar type: Float128
DEBUG: Scalar type: Float128
DEBUG: Scalar type: Float128
DEBUG: Scalar type: Float128
DEBUG: Scalar type: Float128
DEBUG: Scalar type: Float128
DEBUG: Scalar type: Float128
DEBUG: Scalar type: Float128
DEBUG: Scalar type: Float128
DEBUG: Scalar type: Float128
DEBUG: Scalar type: Float128
DEBUG: Scalar type: Float128
DEBUG: Scalar type: Float128
DEBUG: Scalar type: Float128
DEBUG: Scalar type: Float128
DEBUG: Scalar type: Float128
DEBUG: Scalar type: Float128
DEBUG: Scalar type: Float128
DEBUG: Scalar type: Float128
DEBUG: Scalar type: Float128
DEBUG: Scalar type: Float128
DEBUG: Scalar type: Float128
DEBUG: Scalar type: Float128
DEBUG: Scalar type: Float128
DEBUG: Scalar type: Float128
DEBUG: Scalar type: Float128
DEBUG: Scalar type: Float128
DEBUG: Scalar type: Float128
DEBUG: Scalar type: Float128
DEBUG: Scalar type: Float128
DEBUG: Scalar type: Float128
DEBUG: Scalar type: Float128
DEBUG: Scalar type: Float128
DEBUG: Scalar type: Float128
DEBUG: Scalar type: Float128
DEBUG: Scalar type: Float128
DEBUG: Scalar type: Float128
DEBUG: Scalar type: Float128
DEBUG: Scalar type: Float128
DEBUG: Scalar type: Float128
DEBUG: Scalar type: Float128
DEBUG: Scalar type: Float128
DEBUG: Scalar type: Float128
DEBUG: Scalar type: Float128
DEBUG: Scalar type: Float128
DEBUG: Scalar type: Float128
DEBUG: Scalar type: Float128
DEBUG: Scalar type: Float128
DEBUG: Scalar type: Float128
DEBUG: Scalar type: Float128
DEBUG: Scalar type: Float128
DEBUG: Scalar type: Float128
DEBUG: Scalar type: Float128
DEBUG: Scalar type: Float128
DEBUG: Scalar type: Float128
DEBUG: Scalar type: Float128
DEBUG: Scalar type: Float128
DEBUG: Scalar type: Float128
DEBUG: Scalar type: Float128
DEBUG: Scalar type: Float128
DEBUG: Scalar type: Float128
DEBUG: Scalar type: Float128
DEBUG: Scalar type: Float128
DEBUG: Scalar type: Float128
Epoch 44/50 - Loss Res: 0.425643, Loss_BC1: 0.001244, Loss_BC2: 0.015631, Loss_IC: 0.030136, Total Loss: 0.472653, Time: 76404.31s

 88%|████████▊ | 44/50 [1031:45:50<134:42:58, 80829.79s/it][ADEBUG: Scalar type: Float128
DEBUG: Scalar type: Float128
DEBUG: Scalar type: Float128
DEBUG: Scalar type: Float128
DEBUG: Scalar type: Float128
DEBUG: Scalar type: Float128
DEBUG: Scalar type: Float128
DEBUG: Scalar type: Float128
DEBUG: Scalar type: Float128
DEBUG: Scalar type: Float128
DEBUG: Scalar type: Float128
DEBUG: Scalar type: Float128
DEBUG: Scalar type: Float128
DEBUG: Scalar type: Float128
DEBUG: Scalar type: Float128
DEBUG: Scalar type: Float128
DEBUG: Scalar type: Float128
DEBUG: Scalar type: Float128
DEBUG: Scalar type: Float128
DEBUG: Scalar type: Float128
DEBUG: Scalar type: Float128
DEBUG: Scalar type: Float128
DEBUG: Scalar type: Float128
DEBUG: Scalar type: Float128
DEBUG: Scalar type: Float128
DEBUG: Scalar type: Float128
DEBUG: Scalar type: Float128
DEBUG: Scalar type: Float128
DEBUG: Scalar type: Float128
DEBUG: Scalar type: Float128
DEBUG: Scalar type: Float128
DEBUG: Scalar type: Float128
DEBUG: Scalar type: Float128
DEBUG: Scalar type: Float128
DEBUG: Scalar type: Float128
DEBUG: Scalar type: Float128
DEBUG: Scalar type: Float128
DEBUG: Scalar type: Float128
DEBUG: Scalar type: Float128
DEBUG: Scalar type: Float128
DEBUG: Scalar type: Float128
DEBUG: Scalar type: Float128
DEBUG: Scalar type: Float128
DEBUG: Scalar type: Float128
DEBUG: Scalar type: Float128
DEBUG: Scalar type: Float128
DEBUG: Scalar type: Float128
DEBUG: Scalar type: Float128
DEBUG: Scalar type: Float128
DEBUG: Scalar type: Float128
DEBUG: Scalar type: Float128
DEBUG: Scalar type: Float128
DEBUG: Scalar type: Float128
DEBUG: Scalar type: Float128
DEBUG: Scalar type: Float128
DEBUG: Scalar type: Float128
DEBUG: Scalar type: Float128
DEBUG: Scalar type: Float128
DEBUG: Scalar type: Float128
DEBUG: Scalar type: Float128
DEBUG: Scalar type: Float128
DEBUG: Scalar type: Float128
DEBUG: Scalar type: Float128
DEBUG: Scalar type: Float128
DEBUG: Scalar type: Float128
DEBUG: Scalar type: Float128
DEBUG: Scalar type: Float128
DEBUG: Scalar type: Float128
DEBUG: Scalar type: Float128
DEBUG: Scalar type: Float128
DEBUG: Scalar type: Float128
DEBUG: Scalar type: Float128
DEBUG: Scalar type: Float128
DEBUG: Scalar type: Float128
DEBUG: Scalar type: Float128
DEBUG: Scalar type: Float128
DEBUG: Scalar type: Float128
DEBUG: Scalar type: Float128
DEBUG: Scalar type: Float128
DEBUG: Scalar type: Float128
DEBUG: Scalar type: Float128
DEBUG: Scalar type: Float128
DEBUG: Scalar type: Float128
DEBUG: Scalar type: Float128
DEBUG: Scalar type: Float128
DEBUG: Scalar type: Float128
DEBUG: Scalar type: Float128
DEBUG: Scalar type: Float128
DEBUG: Scalar type: Float128
DEBUG: Scalar type: Float128
DEBUG: Scalar type: Float128
DEBUG: Scalar type: Float128
DEBUG: Scalar type: Float128
DEBUG: Scalar type: Float128
DEBUG: Scalar type: Float128
DEBUG: Scalar type: Float128
Epoch 45/50 - Loss Res: 0.426148, Loss_BC1: 0.000960, Loss_BC2: 0.017184, Loss_IC: 0.030043, Total Loss: 0.474334, Time: 83246.89s

 90%|█████████ | 45/50 [1054:53:17<113:16:14, 81554.92s/it][ADEBUG: Scalar type: Float128
DEBUG: Scalar type: Float128
DEBUG: Scalar type: Float128
DEBUG: Scalar type: Float128
DEBUG: Scalar type: Float128
DEBUG: Scalar type: Float128
DEBUG: Scalar type: Float128
DEBUG: Scalar type: Float128
DEBUG: Scalar type: Float128
DEBUG: Scalar type: Float128
DEBUG: Scalar type: Float128
DEBUG: Scalar type: Float128
DEBUG: Scalar type: Float128
DEBUG: Scalar type: Float128
DEBUG: Scalar type: Float128
DEBUG: Scalar type: Float128
DEBUG: Scalar type: Float128
DEBUG: Scalar type: Float128
DEBUG: Scalar type: Float128
DEBUG: Scalar type: Float128
DEBUG: Scalar type: Float128
DEBUG: Scalar type: Float128
DEBUG: Scalar type: Float128
DEBUG: Scalar type: Float128
DEBUG: Scalar type: Float128
DEBUG: Scalar type: Float128
DEBUG: Scalar type: Float128
DEBUG: Scalar type: Float128
DEBUG: Scalar type: Float128
DEBUG: Scalar type: Float128
DEBUG: Scalar type: Float128
DEBUG: Scalar type: Float128
DEBUG: Scalar type: Float128
DEBUG: Scalar type: Float128
DEBUG: Scalar type: Float128
DEBUG: Scalar type: Float128
DEBUG: Scalar type: Float128
DEBUG: Scalar type: Float128
DEBUG: Scalar type: Float128
DEBUG: Scalar type: Float128
DEBUG: Scalar type: Float128
DEBUG: Scalar type: Float128
DEBUG: Scalar type: Float128
DEBUG: Scalar type: Float128
DEBUG: Scalar type: Float128
DEBUG: Scalar type: Float128
DEBUG: Scalar type: Float128
DEBUG: Scalar type: Float128
DEBUG: Scalar type: Float128
DEBUG: Scalar type: Float128
DEBUG: Scalar type: Float128
DEBUG: Scalar type: Float128
DEBUG: Scalar type: Float128
DEBUG: Scalar type: Float128
DEBUG: Scalar type: Float128
DEBUG: Scalar type: Float128
DEBUG: Scalar type: Float128
DEBUG: Scalar type: Float128
DEBUG: Scalar type: Float128
DEBUG: Scalar type: Float128
DEBUG: Scalar type: Float128
DEBUG: Scalar type: Float128
DEBUG: Scalar type: Float128
DEBUG: Scalar type: Float128
DEBUG: Scalar type: Float128
DEBUG: Scalar type: Float128
DEBUG: Scalar type: Float128
DEBUG: Scalar type: Float128
DEBUG: Scalar type: Float128
DEBUG: Scalar type: Float128
DEBUG: Scalar type: Float128
DEBUG: Scalar type: Float128
DEBUG: Scalar type: Float128
DEBUG: Scalar type: Float128
DEBUG: Scalar type: Float128
DEBUG: Scalar type: Float128
DEBUG: Scalar type: Float128
DEBUG: Scalar type: Float128
DEBUG: Scalar type: Float128
DEBUG: Scalar type: Float128
DEBUG: Scalar type: Float128
DEBUG: Scalar type: Float128
DEBUG: Scalar type: Float128
DEBUG: Scalar type: Float128
DEBUG: Scalar type: Float128
DEBUG: Scalar type: Float128
DEBUG: Scalar type: Float128
DEBUG: Scalar type: Float128
Epoch 46/50 - Loss Res: 0.427035, Loss_BC1: 0.001101, Loss_BC2: 0.016767, Loss_IC: 0.029944, Total Loss: 0.474847, Time: 76279.63s

 92%|█████████▏| 46/50 [1076:04:36<88:51:29, 79972.33s/it] [ADEBUG: Scalar type: Float128
DEBUG: Scalar type: Float128
DEBUG: Scalar type: Float128
DEBUG: Scalar type: Float128
DEBUG: Scalar type: Float128
DEBUG: Scalar type: Float128
DEBUG: Scalar type: Float128
DEBUG: Scalar type: Float128
DEBUG: Scalar type: Float128
DEBUG: Scalar type: Float128
DEBUG: Scalar type: Float128
DEBUG: Scalar type: Float128
DEBUG: Scalar type: Float128
DEBUG: Scalar type: Float128
DEBUG: Scalar type: Float128
DEBUG: Scalar type: Float128
DEBUG: Scalar type: Float128
DEBUG: Scalar type: Float128
DEBUG: Scalar type: Float128
DEBUG: Scalar type: Float128
DEBUG: Scalar type: Float128
DEBUG: Scalar type: Float128
DEBUG: Scalar type: Float128
DEBUG: Scalar type: Float128
DEBUG: Scalar type: Float128
DEBUG: Scalar type: Float128
DEBUG: Scalar type: Float128
DEBUG: Scalar type: Float128
DEBUG: Scalar type: Float128
DEBUG: Scalar type: Float128
DEBUG: Scalar type: Float128
DEBUG: Scalar type: Float128
DEBUG: Scalar type: Float128
DEBUG: Scalar type: Float128
DEBUG: Scalar type: Float128
DEBUG: Scalar type: Float128
DEBUG: Scalar type: Float128
DEBUG: Scalar type: Float128
DEBUG: Scalar type: Float128
DEBUG: Scalar type: Float128
DEBUG: Scalar type: Float128
DEBUG: Scalar type: Float128
DEBUG: Scalar type: Float128
DEBUG: Scalar type: Float128
DEBUG: Scalar type: Float128
DEBUG: Scalar type: Float128
DEBUG: Scalar type: Float128
DEBUG: Scalar type: Float128
DEBUG: Scalar type: Float128
DEBUG: Scalar type: Float128
DEBUG: Scalar type: Float128
DEBUG: Scalar type: Float128
DEBUG: Scalar type: Float128
DEBUG: Scalar type: Float128
DEBUG: Scalar type: Float128
DEBUG: Scalar type: Float128
DEBUG: Scalar type: Float128
DEBUG: Scalar type: Float128
DEBUG: Scalar type: Float128
DEBUG: Scalar type: Float128
DEBUG: Scalar type: Float128
DEBUG: Scalar type: Float128
DEBUG: Scalar type: Float128
DEBUG: Scalar type: Float128
DEBUG: Scalar type: Float128
DEBUG: Scalar type: Float128
DEBUG: Scalar type: Float128
DEBUG: Scalar type: Float128
DEBUG: Scalar type: Float128
DEBUG: Scalar type: Float128
DEBUG: Scalar type: Float128
DEBUG: Scalar type: Float128
DEBUG: Scalar type: Float128
DEBUG: Scalar type: Float128
DEBUG: Scalar type: Float128
DEBUG: Scalar type: Float128
DEBUG: Scalar type: Float128
DEBUG: Scalar type: Float128
DEBUG: Scalar type: Float128
DEBUG: Scalar type: Float128
DEBUG: Scalar type: Float128
DEBUG: Scalar type: Float128
DEBUG: Scalar type: Float128
DEBUG: Scalar type: Float128
DEBUG: Scalar type: Float128
DEBUG: Scalar type: Float128
DEBUG: Scalar type: Float128
DEBUG: Scalar type: Float128
DEBUG: Scalar type: Float128
DEBUG: Scalar type: Float128
DEBUG: Scalar type: Float128
DEBUG: Scalar type: Float128
DEBUG: Scalar type: Float128
DEBUG: Scalar type: Float128
DEBUG: Scalar type: Float128
DEBUG: Scalar type: Float128
DEBUG: Scalar type: Float128
DEBUG: Scalar type: Float128
DEBUG: Scalar type: Float128
DEBUG: Scalar type: Float128
Epoch 47/50 - Loss Res: 0.422726, Loss_BC1: 0.002208, Loss_BC2: 0.016708, Loss_IC: 0.030336, Total Loss: 0.471978, Time: 86690.45s

 94%|█████████▍| 47/50 [1100:09:27<68:19:23, 81987.77s/it][ADEBUG: Scalar type: Float128
DEBUG: Scalar type: Float128
DEBUG: Scalar type: Float128
DEBUG: Scalar type: Float128
DEBUG: Scalar type: Float128
DEBUG: Scalar type: Float128
DEBUG: Scalar type: Float128
DEBUG: Scalar type: Float128
DEBUG: Scalar type: Float128
DEBUG: Scalar type: Float128
DEBUG: Scalar type: Float128
DEBUG: Scalar type: Float128
DEBUG: Scalar type: Float128
DEBUG: Scalar type: Float128
DEBUG: Scalar type: Float128
DEBUG: Scalar type: Float128
DEBUG: Scalar type: Float128
DEBUG: Scalar type: Float128
DEBUG: Scalar type: Float128
DEBUG: Scalar type: Float128
DEBUG: Scalar type: Float128
DEBUG: Scalar type: Float128
DEBUG: Scalar type: Float128
DEBUG: Scalar type: Float128
DEBUG: Scalar type: Float128
DEBUG: Scalar type: Float128
DEBUG: Scalar type: Float128
DEBUG: Scalar type: Float128
DEBUG: Scalar type: Float128
DEBUG: Scalar type: Float128
DEBUG: Scalar type: Float128
DEBUG: Scalar type: Float128
DEBUG: Scalar type: Float128
DEBUG: Scalar type: Float128
DEBUG: Scalar type: Float128
DEBUG: Scalar type: Float128
DEBUG: Scalar type: Float128
DEBUG: Scalar type: Float128
DEBUG: Scalar type: Float128
DEBUG: Scalar type: Float128
DEBUG: Scalar type: Float128
DEBUG: Scalar type: Float128
DEBUG: Scalar type: Float128
DEBUG: Scalar type: Float128
DEBUG: Scalar type: Float128
DEBUG: Scalar type: Float128
DEBUG: Scalar type: Float128
DEBUG: Scalar type: Float128
DEBUG: Scalar type: Float128
DEBUG: Scalar type: Float128
DEBUG: Scalar type: Float128
DEBUG: Scalar type: Float128
DEBUG: Scalar type: Float128
DEBUG: Scalar type: Float128
DEBUG: Scalar type: Float128
DEBUG: Scalar type: Float128
DEBUG: Scalar type: Float128
DEBUG: Scalar type: Float128
DEBUG: Scalar type: Float128
DEBUG: Scalar type: Float128
DEBUG: Scalar type: Float128
DEBUG: Scalar type: Float128
DEBUG: Scalar type: Float128
DEBUG: Scalar type: Float128
DEBUG: Scalar type: Float128
DEBUG: Scalar type: Float128
DEBUG: Scalar type: Float128
DEBUG: Scalar type: Float128
DEBUG: Scalar type: Float128
DEBUG: Scalar type: Float128
DEBUG: Scalar type: Float128
DEBUG: Scalar type: Float128
DEBUG: Scalar type: Float128
DEBUG: Scalar type: Float128
DEBUG: Scalar type: Float128
DEBUG: Scalar type: Float128
DEBUG: Scalar type: Float128
DEBUG: Scalar type: Float128
DEBUG: Scalar type: Float128
DEBUG: Scalar type: Float128
DEBUG: Scalar type: Float128
DEBUG: Scalar type: Float128
DEBUG: Scalar type: Float128
DEBUG: Scalar type: Float128
DEBUG: Scalar type: Float128
DEBUG: Scalar type: Float128
DEBUG: Scalar type: Float128
DEBUG: Scalar type: Float128
DEBUG: Scalar type: Float128
DEBUG: Scalar type: Float128
DEBUG: Scalar type: Float128
DEBUG: Scalar type: Float128
DEBUG: Scalar type: Float128
DEBUG: Scalar type: Float128
DEBUG: Scalar type: Float128
DEBUG: Scalar type: Float128
DEBUG: Scalar type: Float128
DEBUG: Scalar type: Float128
DEBUG: Scalar type: Float128
DEBUG: Scalar type: Float128
DEBUG: Scalar type: Float128
DEBUG: Scalar type: Float128
DEBUG: Scalar type: Float128
DEBUG: Scalar type: Float128
Epoch 48/50 - Loss Res: 0.419480, Loss_BC1: 0.002189, Loss_BC2: 0.001800, Loss_IC: 0.030555, Total Loss: 0.454024, Time: 90299.93s

 96%|█████████▌| 48/50 [1125:14:27<46:56:02, 84481.42s/it][ADEBUG: Scalar type: Float128
DEBUG: Scalar type: Float128
DEBUG: Scalar type: Float128
DEBUG: Scalar type: Float128
DEBUG: Scalar type: Float128
DEBUG: Scalar type: Float128
DEBUG: Scalar type: Float128
DEBUG: Scalar type: Float128
DEBUG: Scalar type: Float128
DEBUG: Scalar type: Float128
DEBUG: Scalar type: Float128
DEBUG: Scalar type: Float128
DEBUG: Scalar type: Float128
DEBUG: Scalar type: Float128
DEBUG: Scalar type: Float128
DEBUG: Scalar type: Float128
DEBUG: Scalar type: Float128
DEBUG: Scalar type: Float128
DEBUG: Scalar type: Float128
DEBUG: Scalar type: Float128
DEBUG: Scalar type: Float128
DEBUG: Scalar type: Float128
DEBUG: Scalar type: Float128
DEBUG: Scalar type: Float128
DEBUG: Scalar type: Float128
DEBUG: Scalar type: Float128
DEBUG: Scalar type: Float128
DEBUG: Scalar type: Float128
DEBUG: Scalar type: Float128
DEBUG: Scalar type: Float128
DEBUG: Scalar type: Float128
DEBUG: Scalar type: Float128
DEBUG: Scalar type: Float128
DEBUG: Scalar type: Float128
DEBUG: Scalar type: Float128
DEBUG: Scalar type: Float128
DEBUG: Scalar type: Float128
DEBUG: Scalar type: Float128
DEBUG: Scalar type: Float128
DEBUG: Scalar type: Float128
DEBUG: Scalar type: Float128
DEBUG: Scalar type: Float128
DEBUG: Scalar type: Float128
DEBUG: Scalar type: Float128
DEBUG: Scalar type: Float128
DEBUG: Scalar type: Float128
DEBUG: Scalar type: Float128
DEBUG: Scalar type: Float128
DEBUG: Scalar type: Float128
DEBUG: Scalar type: Float128
DEBUG: Scalar type: Float128
DEBUG: Scalar type: Float128
DEBUG: Scalar type: Float128
DEBUG: Scalar type: Float128
DEBUG: Scalar type: Float128
DEBUG: Scalar type: Float128
DEBUG: Scalar type: Float128
DEBUG: Scalar type: Float128
DEBUG: Scalar type: Float128
DEBUG: Scalar type: Float128
DEBUG: Scalar type: Float128
DEBUG: Scalar type: Float128
DEBUG: Scalar type: Float128
DEBUG: Scalar type: Float128
DEBUG: Scalar type: Float128
DEBUG: Scalar type: Float128
DEBUG: Scalar type: Float128
DEBUG: Scalar type: Float128
DEBUG: Scalar type: Float128
DEBUG: Scalar type: Float128
DEBUG: Scalar type: Float128
DEBUG: Scalar type: Float128
DEBUG: Scalar type: Float128
DEBUG: Scalar type: Float128
DEBUG: Scalar type: Float128
DEBUG: Scalar type: Float128
DEBUG: Scalar type: Float128
DEBUG: Scalar type: Float128
DEBUG: Scalar type: Float128
DEBUG: Scalar type: Float128
DEBUG: Scalar type: Float128
DEBUG: Scalar type: Float128
DEBUG: Scalar type: Float128
DEBUG: Scalar type: Float128
DEBUG: Scalar type: Float128
DEBUG: Scalar type: Float128
DEBUG: Scalar type: Float128
DEBUG: Scalar type: Float128
DEBUG: Scalar type: Float128
DEBUG: Scalar type: Float128
DEBUG: Scalar type: Float128
DEBUG: Scalar type: Float128
DEBUG: Scalar type: Float128
DEBUG: Scalar type: Float128
DEBUG: Scalar type: Float128
DEBUG: Scalar type: Float128
DEBUG: Scalar type: Float128
DEBUG: Scalar type: Float128
DEBUG: Scalar type: Float128
DEBUG: Scalar type: Float128
Epoch 49/50 - Loss Res: 0.423777, Loss_BC1: 0.001116, Loss_BC2: 0.000495, Loss_IC: 0.029562, Total Loss: 0.454950, Time: 86965.38s

 98%|█████████▊| 49/50 [1149:23:52<23:40:26, 85226.61s/it][ADEBUG: Scalar type: Float128
DEBUG: Scalar type: Float128
DEBUG: Scalar type: Float128
DEBUG: Scalar type: Float128
DEBUG: Scalar type: Float128
DEBUG: Scalar type: Float128
DEBUG: Scalar type: Float128
DEBUG: Scalar type: Float128
DEBUG: Scalar type: Float128
DEBUG: Scalar type: Float128
DEBUG: Scalar type: Float128
DEBUG: Scalar type: Float128
DEBUG: Scalar type: Float128
DEBUG: Scalar type: Float128
DEBUG: Scalar type: Float128
DEBUG: Scalar type: Float128
DEBUG: Scalar type: Float128
DEBUG: Scalar type: Float128
DEBUG: Scalar type: Float128
DEBUG: Scalar type: Float128
DEBUG: Scalar type: Float128
DEBUG: Scalar type: Float128
DEBUG: Scalar type: Float128
DEBUG: Scalar type: Float128
DEBUG: Scalar type: Float128
DEBUG: Scalar type: Float128
DEBUG: Scalar type: Float128
DEBUG: Scalar type: Float128
DEBUG: Scalar type: Float128
DEBUG: Scalar type: Float128
DEBUG: Scalar type: Float128
DEBUG: Scalar type: Float128
DEBUG: Scalar type: Float128
DEBUG: Scalar type: Float128
DEBUG: Scalar type: Float128
DEBUG: Scalar type: Float128
DEBUG: Scalar type: Float128
DEBUG: Scalar type: Float128
DEBUG: Scalar type: Float128
DEBUG: Scalar type: Float128
DEBUG: Scalar type: Float128
DEBUG: Scalar type: Float128
DEBUG: Scalar type: Float128
DEBUG: Scalar type: Float128
DEBUG: Scalar type: Float128
DEBUG: Scalar type: Float128
DEBUG: Scalar type: Float128
DEBUG: Scalar type: Float128
DEBUG: Scalar type: Float128
DEBUG: Scalar type: Float128
DEBUG: Scalar type: Float128
DEBUG: Scalar type: Float128
DEBUG: Scalar type: Float128
DEBUG: Scalar type: Float128
DEBUG: Scalar type: Float128
DEBUG: Scalar type: Float128
DEBUG: Scalar type: Float128
DEBUG: Scalar type: Float128
DEBUG: Scalar type: Float128
DEBUG: Scalar type: Float128
DEBUG: Scalar type: Float128
DEBUG: Scalar type: Float128
DEBUG: Scalar type: Float128
DEBUG: Scalar type: Float128
DEBUG: Scalar type: Float128
DEBUG: Scalar type: Float128
DEBUG: Scalar type: Float128
DEBUG: Scalar type: Float128
DEBUG: Scalar type: Float128
DEBUG: Scalar type: Float128
DEBUG: Scalar type: Float128
DEBUG: Scalar type: Float128
DEBUG: Scalar type: Float128
DEBUG: Scalar type: Float128
DEBUG: Scalar type: Float128
DEBUG: Scalar type: Float128
DEBUG: Scalar type: Float128
DEBUG: Scalar type: Float128
DEBUG: Scalar type: Float128
DEBUG: Scalar type: Float128
DEBUG: Scalar type: Float128
DEBUG: Scalar type: Float128
DEBUG: Scalar type: Float128
DEBUG: Scalar type: Float128
DEBUG: Scalar type: Float128
DEBUG: Scalar type: Float128
DEBUG: Scalar type: Float128
DEBUG: Scalar type: Float128
DEBUG: Scalar type: Float128
DEBUG: Scalar type: Float128
DEBUG: Scalar type: Float128
DEBUG: Scalar type: Float128
Epoch 50/50 - Loss Res: 0.427996, Loss_BC1: 0.001436, Loss_BC2: 0.000923, Loss_IC: 0.028983, Total Loss: 0.459338, Time: 80091.46s

100%|██████████| 50/50 [1171:38:44<00:00, 83686.06s/it]   [A100%|██████████| 50/50 [1171:38:44<00:00, 84358.48s/it]

Final Training Results:
Loss Res: 0.427996, Loss_BC1: 0.001436, Loss_BC2: 0.000923, Loss_IC: 0.028983
Train Loss: 0.459338
DEBUG: Scalar type: Float128
DEBUG: Scalar type: Float128
/workspace/pytorch/PINN_FP64/ac_fp128.py:235: RuntimeWarning: overflow encountered in cast
  pred = pred_fp128.cpu().detach().numpy().astype(np.float64)
/workspace/pytorch/PINN_FP64/ac_fp128.py:235: RuntimeWarning: invalid value encountered in cast
  pred = pred_fp128.cpu().detach().numpy().astype(np.float64)
0
relative L1 error: 0.903586
relative L2 error: 0.923048
Train Loss: 0.459338
100%|██████████| 1/1 [1172:20:14<00:00, 4220414.34s/it]100%|██████████| 1/1 [1172:20:14<00:00, 4220414.34s/it]
loss mean: 0.459338
loss std: 0.000000
relative L1 error mean: 0.903586
relative L1 error std: 0.000000
relative L2 error mean: 0.923048
relative L2 error std: 0.000000
